redirect_id,original_redirect_id,old_url,url_input_id,is_input_element,current_url,suffix,template,record_name,handler,record_id,page_number,row_index,url_index,parsed_at,method
page_1_1_url_0,1,/ru/prykoly/,24685,True,,/,Структура сайту,Головна,4,1,1,0,0,2025-08-20T22:24:23.100509,super_optimized_evaluate_all_with_inputs
page_1_1_url_1,1,/security/OAuthRedirect/?soc=google&back=/preparatdliapotentsyyusagoldant-11/,24693,True,,/,Структура сайту,Головна,4,1,1,0,1,2025-08-20T22:24:23.100530,super_optimized_evaluate_all_with_inputs
page_1_2_url_0,2,/katalog,24740,True,/katalog,/,Структура сайту,Каталог,4,97,1,1,0,2025-08-20T22:24:23.100536,super_optimized_evaluate_all_with_inputs
page_1_117_url_0,117,/novosti/garantiynoe-obsluzhivanie,24741,True,/novosti/garantiynoe-obsluzhivanie,/,Новини,,172,13,1,2,0,2025-08-20T22:24:23.100538,super_optimized_evaluate_all_with_inputs
page_1_118_url_0,118,/oplata-i-dostavka,24742,True,/oplata-i-dostavka,/,Структура сайту,Оплата і доставка,4,928,1,3,0,2025-08-20T22:24:23.100540,super_optimized_evaluate_all_with_inputs
page_1_119_url_0,119,/obmen-i-vozvrat/,5,True,/obmin-ta-povernennya,/,Структура сайту,Обмін та повернення,4,573,1,4,0,2025-08-20T22:24:23.100542,super_optimized_evaluate_all_with_inputs
page_1_119_url_1,119,/obmin-ta-povernennya,24743,True,/obmin-ta-povernennya,/,Структура сайту,Обмін та повернення,4,573,1,4,1,2025-08-20T22:24:23.100544,super_optimized_evaluate_all_with_inputs
page_1_120_url_0,120,/o-nas/,3,True,/pro-nas,/,Структура сайту,Про нас,4,927,1,5,0,2025-08-20T22:24:23.100546,super_optimized_evaluate_all_with_inputs
page_1_120_url_1,120,/pro-nas,24744,True,/pro-nas,/,Структура сайту,Про нас,4,927,1,5,1,2025-08-20T22:24:23.100547,super_optimized_evaluate_all_with_inputs
page_1_121_url_0,121,/contacts/,56,True,/kontaktna-informatsiya,/,Структура сайту,Контактна інформація,4,686,1,6,0,2025-08-20T22:24:23.100549,super_optimized_evaluate_all_with_inputs
page_1_121_url_1,121,/kontaktna-informatsiya,24745,True,/kontaktna-informatsiya,/,Структура сайту,Контактна інформація,4,686,1,6,1,2025-08-20T22:24:23.100551,super_optimized_evaluate_all_with_inputs
page_1_141_url_0,141,/one-brand,24746,True,/one-brand,/,Бренди,ONE,349,92,1,7,0,2025-08-20T22:24:23.100553,super_optimized_evaluate_all_with_inputs
page_1_142_url_0,142,/skins,24747,True,/skins,/,Бренди,Skins,349,87,1,8,0,2025-08-20T22:24:23.100554,super_optimized_evaluate_all_with_inputs
page_1_144_url_0,144,/exs-brand,24748,True,/exs-brand,/,Бренди,EXS,349,89,1,9,0,2025-08-20T22:24:23.100556,super_optimized_evaluate_all_with_inputs
page_1_145_url_0,145,/pasante-brand,24749,True,/pasante-brand,/,Бренди,Pasante,349,90,1,10,0,2025-08-20T22:24:23.100557,super_optimized_evaluate_all_with_inputs
page_1_146_url_0,146,/skyn-brand,24750,True,/skyn-brand,/,Бренди,SKYN,349,91,1,11,0,2025-08-20T22:24:23.100559,super_optimized_evaluate_all_with_inputs
page_1_168_url_0,168,/upakovky,24751,True,/upakovky,/,Структура сайту,Упаковки презервативів,4,1005,1,12,0,2025-08-20T22:24:23.100561,super_optimized_evaluate_all_with_inputs
page_1_169_url_0,169,/keisy,24752,True,/keisy,/,Структура сайту,Кейси для презервативів,4,1006,1,13,0,2025-08-20T22:24:23.100562,super_optimized_evaluate_all_with_inputs
page_1_171_url_0,171,/sedobnyi-lubrykant-wetflavoredpoppncherryspelaia-vyshnia-30-ml/,20247,True,/lubrykanty,/,Структура сайту,Лубриканти,4,1008,1,14,0,2025-08-20T22:24:23.100564,super_optimized_evaluate_all_with_inputs
page_1_171_url_1,171,/lubrykant-okhlazhdaiushchyi-waterglide-cooling.-300-ml/,20331,True,/lubrykanty,/,Структура сайту,Лубриканти,4,1008,1,14,1,2025-08-20T22:24:23.100565,super_optimized_evaluate_all_with_inputs
page_1_171_url_2,171,/lubrykant-wet-silver-178-ml-na-vodnoi-osnove-bez-parabenov/,20947,True,/lubrykanty,/,Структура сайту,Лубриканти,4,1008,1,14,2,2025-08-20T22:24:23.100567,super_optimized_evaluate_all_with_inputs
page_1_171_url_3,171,/lubrykant-s-aromatom-horiacheho-shokolada-waterglide-hot-chocolate-300-ml/,20967,True,/lubrykanty,/,Структура сайту,Лубриканти,4,1008,1,14,3,2025-08-20T22:24:23.100568,super_optimized_evaluate_all_with_inputs
page_1_171_url_4,171,/lubrykanty,24753,True,/lubrykanty,/,Структура сайту,Лубриканти,4,1008,1,14,4,2025-08-20T22:24:23.100570,super_optimized_evaluate_all_with_inputs
page_1_172_url_0,172,/rozdrib,24754,True,/rozdrib,/,Структура сайту,Роздрібні презервативи,4,1009,1,15,0,2025-08-20T22:24:23.100571,super_optimized_evaluate_all_with_inputs
page_1_212_url_0,212,/zavantazhennya-logotipu,24755,True,/zavantazhennya-logotipu,/,Новини,Завантаження логотипу,172,33,1,16,0,2025-08-20T22:24:23.100573,super_optimized_evaluate_all_with_inputs
page_1_221_url_0,221,/osnovni-etapi-zapusku-internet-magazinu,24756,True,/osnovni-etapi-zapusku-internet-magazinu,/,Новини,Основні етапи запуску інтернет-магазину,172,34,1,17,0,2025-08-20T22:24:23.100575,super_optimized_evaluate_all_with_inputs
page_1_222_url_0,222,/chek-list-shcho-potribno-pereviriti-pered-pidkluchennyam-domenu,24757,True,/chek-list-shcho-potribno-pereviriti-pered-pidkluchennyam-domenu,/,Новини,Чек-ліст: що потрібно перевірити перед підключенням домену,172,35,1,18,0,2025-08-20T22:24:23.100576,super_optimized_evaluate_all_with_inputs
page_1_223_url_0,223,/pidkazki-dlya-kharakteristik,24758,True,/pidkazki-dlya-kharakteristik,/,Новини,Підказки для характеристик,172,36,1,19,0,2025-08-20T22:24:23.100578,super_optimized_evaluate_all_with_inputs
page_1_563_url_0,563,/privacypolicy/,1626,True,/polityka-konfidentsiinosti,/,Структура сайту,Політика конфіденційності,4,1052,1,20,0,2025-08-20T22:24:23.100580,super_optimized_evaluate_all_with_inputs
page_1_563_url_1,563,/polityka-konfidentsiinosti,24759,True,/polityka-konfidentsiinosti,/,Структура сайту,Політика конфіденційності,4,1052,1,20,1,2025-08-20T22:24:23.100581,super_optimized_evaluate_all_with_inputs
page_1_564_url_0,564,/store-reviews,24760,True,/store-reviews,/,Структура сайту,Відгуки про магазин,4,1053,1,21,0,2025-08-20T22:24:23.100582,super_optimized_evaluate_all_with_inputs
page_1_565_url_0,565,/siteindex,24761,True,/siteindex,/,Структура сайту,Мапа сайту,4,1054,1,22,0,2025-08-20T22:24:23.100584,super_optimized_evaluate_all_with_inputs
page_1_566_url_0,566,/prezervatyvy-iz-zapakhom-one-flavor-waves/,20233,True,/prezervatyvy,/,Структура сайту,Презервативи,4,1055,1,23,0,2025-08-20T22:24:23.100586,super_optimized_evaluate_all_with_inputs
page_1_566_url_1,566,/klasychni-prezervatyvy-skins/,20245,True,/prezervatyvy,/,Структура сайту,Презервативи,4,1055,1,23,1,2025-08-20T22:24:23.100587,super_optimized_evaluate_all_with_inputs
page_1_566_url_2,566,/naitonshi-velyki-prezervatyvy-kimono-microthin-xl/,20351,True,/prezervatyvy,/,Структура сайту,Презервативи,4,1055,1,23,2,2025-08-20T22:24:23.100588,super_optimized_evaluate_all_with_inputs
page_1_566_url_3,566,/prezervatyvy-z-prolonhatorom-pasante-delay-infinity/,20548,True,/prezervatyvy,/,Структура сайту,Презервативи,4,1055,1,23,3,2025-08-20T22:24:23.100590,super_optimized_evaluate_all_with_inputs
page_1_566_url_4,566,/prezervatyvy-z-rebertsiamy-one-extreme-ribs/,21103,True,/prezervatyvy,/,Структура сайту,Презервативи,4,1055,1,23,4,2025-08-20T22:24:23.100591,super_optimized_evaluate_all_with_inputs
page_1_566_url_5,566,/prezervatyvy-zi-smakom-exs-flavoured/,21112,True,/prezervatyvy,/,Структура сайту,Презервативи,4,1055,1,23,5,2025-08-20T22:24:23.100592,super_optimized_evaluate_all_with_inputs
page_1_566_url_6,566,/prezervatyvy,24762,True,/prezervatyvy,/,Структура сайту,Презервативи,4,1055,1,23,6,2025-08-20T22:24:23.100594,super_optimized_evaluate_all_with_inputs
page_1_567_url_0,567,/igrashky,24763,True,/igrashky,/,Структура сайту,Іграшки,4,1056,1,24,0,2025-08-20T22:24:23.100595,super_optimized_evaluate_all_with_inputs
page_1_568_url_0,568,/cosmetics,24764,True,/cosmetics,/,Структура сайту,Косметика,4,1057,1,25,0,2025-08-20T22:24:23.100597,super_optimized_evaluate_all_with_inputs
page_1_570_url_0,570,/dlia-nei,24765,True,/dlia-nei,/,Структура сайту,Іграшки для неї,4,1059,1,26,0,2025-08-20T22:24:23.100599,super_optimized_evaluate_all_with_inputs
page_1_571_url_0,571,/dlia-noho,24766,True,/dlia-noho,/,Структура сайту,Іграшки для нього,4,1060,1,27,0,2025-08-20T22:24:23.100600,super_optimized_evaluate_all_with_inputs
page_1_572_url_0,572,/kosmetyka-dlia-nei,24767,True,/kosmetyka-dlia-nei,/,Структура сайту,Косметика для неї,4,1061,1,28,0,2025-08-20T22:24:23.100603,super_optimized_evaluate_all_with_inputs
page_1_572_url_1,572,/idealnyi-krem-dlia-zmitsnennia-hrudei-ruf-perfect-breast-frantsiia/,57878,True,/kosmetyka-dlia-nei,/,Структура сайту,Косметика для неї,4,1061,1,28,1,2025-08-20T22:24:23.100604,super_optimized_evaluate_all_with_inputs
page_1_572_url_2,572,/vakuumnyi-stymuliator-klitora-so-divine-selflove/,57879,True,/kosmetyka-dlia-nei,/,Структура сайту,Косметика для неї,4,1061,1,28,2,2025-08-20T22:24:23.100605,super_optimized_evaluate_all_with_inputs
page_1_572_url_3,572,/stymulyruiushchyi-klytoralnyi-hel-wet-wow-gentle-15-ml/,57883,True,/kosmetyka-dlia-nei,/,Структура сайту,Косметика для неї,4,1061,1,28,3,2025-08-20T22:24:23.100607,super_optimized_evaluate_all_with_inputs
page_1_572_url_4,572,/stymulyruiushchyi-hel-dlia-klytora-taboo-plaisir-intime-clitoris-gel/,57894,True,/kosmetyka-dlia-nei,/,Структура сайту,Косметика для неї,4,1061,1,28,4,2025-08-20T22:24:23.100608,super_optimized_evaluate_all_with_inputs
page_1_572_url_5,572,/sprei-dlia-zvuzhennia-shiatsu-tightening-spray/,57905,True,/kosmetyka-dlia-nei,/,Структура сайту,Косметика для неї,4,1061,1,28,5,2025-08-20T22:24:23.100609,super_optimized_evaluate_all_with_inputs
page_1_572_url_6,572,/krem-dlia-zvuzhennia-pikhvy-shiatsu-tightening-gel/,57907,True,/kosmetyka-dlia-nei,/,Структура сайту,Косметика для неї,4,1061,1,28,6,2025-08-20T22:24:23.100610,super_optimized_evaluate_all_with_inputs
page_1_572_url_7,572,/ru/sprei-dlia-zvuzhennia-shiatsu-tightening-spray/,57913,True,/kosmetyka-dlia-nei,/,Структура сайту,Косметика для неї,4,1061,1,28,7,2025-08-20T22:24:23.100612,super_optimized_evaluate_all_with_inputs
page_1_572_url_8,572,/zbudlyvyi-krem-sylna-diia-ero-prorino-clitoris-cream-women-50-ml/,57916,True,/kosmetyka-dlia-nei,/,Структура сайту,Косметика для неї,4,1061,1,28,8,2025-08-20T22:24:23.100613,super_optimized_evaluate_all_with_inputs
page_1_572_url_9,572,/ru/zbudlyvyi-krem-dlia-zhinok-ruf-g-power/,57931,True,/kosmetyka-dlia-nei,/,Структура сайту,Косметика для неї,4,1061,1,28,9,2025-08-20T22:24:23.100614,super_optimized_evaluate_all_with_inputs
page_1_572_url_10,572,/ru/sprei-vozbuzhdaiushchyi-dlia-zhenshchyn-hot-v-activ-50-ml/,57932,True,/kosmetyka-dlia-nei,/,Структура сайту,Косметика для неї,4,1061,1,28,10,2025-08-20T22:24:23.100616,super_optimized_evaluate_all_with_inputs
page_1_572_url_11,572,/ru/zbudlyvi-zhinochi-krapli-ultra-dzhi-5-sht/,57936,True,/kosmetyka-dlia-nei,/,Структура сайту,Косметика для неї,4,1061,1,28,11,2025-08-20T22:24:23.100618,super_optimized_evaluate_all_with_inputs
page_1_572_url_12,572,/ru/stymuliuiuchyi-hel-dlia-zhinok-o-stimulation-gel-15-ml/,57944,True,/kosmetyka-dlia-nei,/,Структура сайту,Косметика для неї,4,1061,1,28,12,2025-08-20T22:24:23.100619,super_optimized_evaluate_all_with_inputs
page_1_572_url_13,572,/ru/stymuliuiuchyi-klitoralnyi-hel-wet-wow-max-15-ml/,57948,True,/kosmetyka-dlia-nei,/,Структура сайту,Косметика для неї,4,1061,1,28,13,2025-08-20T22:24:23.100620,super_optimized_evaluate_all_with_inputs
page_1_573_url_0,573,/ridki-vibratory,24768,True,/ridki-vibratory,/,Структура сайту,Рідкі вібратори,4,1062,1,29,0,2025-08-20T22:24:23.100622,super_optimized_evaluate_all_with_inputs
page_1_574_url_0,574,/zbudlyvyi-klitoralnyi-hel-system-jo-spicy-warming-10-ml/,21120,True,/zbudzhuiuchi-zasoby,/,Структура сайту,Збуджуючі засоби,4,1063,1,30,0,2025-08-20T22:24:23.100624,super_optimized_evaluate_all_with_inputs
page_1_574_url_1,574,/zbudzhuiuchi-zasoby,24769,True,/zbudzhuiuchi-zasoby,/,Структура сайту,Збуджуючі засоби,4,1063,1,30,1,2025-08-20T22:24:23.100625,super_optimized_evaluate_all_with_inputs
page_1_575_url_0,575,/milk-face-cleanser,18,True,/zasoby-dlia-tila,/,Структура сайту,Засоби для тіла,4,1064,1,31,0,2025-08-20T22:24:23.100627,super_optimized_evaluate_all_with_inputs
page_1_575_url_1,575,/milk-face-cleanser/,385,True,/zasoby-dlia-tila,/,Структура сайту,Засоби для тіла,4,1064,1,31,1,2025-08-20T22:24:23.100628,super_optimized_evaluate_all_with_inputs
page_1_575_url_2,575,/zasoby-dlia-tila,24770,True,/zasoby-dlia-tila,/,Структура сайту,Засоби для тіла,4,1064,1,31,2,2025-08-20T22:24:23.100630,super_optimized_evaluate_all_with_inputs
page_1_576_url_0,576,/body-care,19,True,/kosmetyka-dlia-noho,/,Структура сайту,Косметика для нього,4,1065,1,32,0,2025-08-20T22:24:23.100631,super_optimized_evaluate_all_with_inputs
page_1_576_url_1,576,/body-care/,387,True,/kosmetyka-dlia-noho,/,Структура сайту,Косметика для нього,4,1065,1,32,1,2025-08-20T22:24:23.100633,super_optimized_evaluate_all_with_inputs
page_1_576_url_2,576,/kosmetyka-dlia-noho,24771,True,/kosmetyka-dlia-noho,/,Структура сайту,Косметика для нього,4,1065,1,32,2,2025-08-20T22:24:23.100634,super_optimized_evaluate_all_with_inputs
page_1_576_url_3,576,/erektsyonnyi-krem-penimax-50-ml/,57763,True,/kosmetyka-dlia-noho,/,Структура сайту,Косметика для нього,4,1065,1,32,3,2025-08-20T22:24:23.100635,super_optimized_evaluate_all_with_inputs
page_1_576_url_4,576,/zbudlyvyi-krem-dlia-cholovikiv-ero-prorino-black-line-erection-cream-100-ml/,57771,True,/kosmetyka-dlia-noho,/,Структура сайту,Косметика для нього,4,1065,1,32,4,2025-08-20T22:24:23.100637,super_optimized_evaluate_all_with_inputs
page_1_576_url_5,576,/hel-dlia-potentsii-love-stim-tytan-max-100-ml/,57799,True,/kosmetyka-dlia-noho,/,Структура сайту,Косметика для нього,4,1065,1,32,5,2025-08-20T22:24:23.100638,super_optimized_evaluate_all_with_inputs
page_1_576_url_6,576,/krem-dlia-masturbatsii-boners-masturbation-cream/,57801,True,/kosmetyka-dlia-noho,/,Структура сайту,Косметика для нього,4,1065,1,32,6,2025-08-20T22:24:23.100639,super_optimized_evaluate_all_with_inputs
page_1_576_url_7,576,/ru/krem-dlia-masturbatsii-boners-masturbation-cream/,57837,True,/kosmetyka-dlia-noho,/,Структура сайту,Косметика для нього,4,1065,1,32,7,2025-08-20T22:24:23.100641,super_optimized_evaluate_all_with_inputs
page_1_576_url_8,576,/sprei-erektsyonnyi-dlia-muzhchyn-maxi-erect-907/,57848,True,/kosmetyka-dlia-noho,/,Структура сайту,Косметика для нього,4,1065,1,32,8,2025-08-20T22:24:23.100642,super_optimized_evaluate_all_with_inputs
page_1_576_url_9,576,/ru/krem-erektsiinyi-dlia-cholovikiv-rino-strong-cream-50-ml/,57855,True,/kosmetyka-dlia-noho,/,Структура сайту,Косметика для нього,4,1065,1,32,9,2025-08-20T22:24:23.100643,super_optimized_evaluate_all_with_inputs
page_1_576_url_10,576,/ru/hel-dlia-posylennia-erektsii-tytan-gel-for-men-150ml/,57864,True,/kosmetyka-dlia-noho,/,Структура сайту,Косметика для нього,4,1065,1,32,10,2025-08-20T22:24:23.100645,super_optimized_evaluate_all_with_inputs
page_1_576_url_11,576,/ru/krem-erektsiinyi-magnaphall-penis-cream-45ml/,57867,True,/kosmetyka-dlia-noho,/,Структура сайту,Косметика для нього,4,1065,1,32,11,2025-08-20T22:24:23.100646,super_optimized_evaluate_all_with_inputs
page_1_576_url_12,576,/krem-stymuliuiuchyi-dlia-cholovikiv-v-activ-50-ml/,57908,True,/kosmetyka-dlia-noho,/,Структура сайту,Косметика для нього,4,1065,1,32,12,2025-08-20T22:24:23.100647,super_optimized_evaluate_all_with_inputs
page_1_576_url_13,576,/ru/erektsiinyi-krem-boo-erect-cream-men-50-ml/,57920,True,/kosmetyka-dlia-noho,/,Структура сайту,Косметика для нього,4,1065,1,32,13,2025-08-20T22:24:23.100649,super_optimized_evaluate_all_with_inputs
page_1_577_url_0,577,/hand-cream,20,True,/dlia-posylennia-erektsii,/,Структура сайту,Для посилення ерекції,4,1066,1,33,0,2025-08-20T22:24:23.100651,super_optimized_evaluate_all_with_inputs
page_1_577_url_1,577,/hand-cream/,389,True,/dlia-posylennia-erektsii,/,Структура сайту,Для посилення ерекції,4,1066,1,33,1,2025-08-20T22:24:23.100652,super_optimized_evaluate_all_with_inputs
page_1_577_url_2,577,/krem-erektsiinyi-inverma-bigist-cream-superman-18-ml/,20349,True,/dlia-posylennia-erektsii,/,Структура сайту,Для посилення ерекції,4,1066,1,33,2,2025-08-20T22:24:23.100653,super_optimized_evaluate_all_with_inputs
page_1_577_url_3,577,/krem-erektsyonnyi-inverma-herren-creme/,21017,True,/dlia-posylennia-erektsii,/,Структура сайту,Для посилення ерекції,4,1066,1,33,3,2025-08-20T22:24:23.100655,super_optimized_evaluate_all_with_inputs
page_1_577_url_4,577,/prodlevaiushchyi-krem-dlia-muzhchyn-ero-delay-creme-30-ml/,21059,True,/dlia-posylennia-erektsii,/,Структура сайту,Для посилення ерекції,4,1066,1,33,4,2025-08-20T22:24:23.100656,super_optimized_evaluate_all_with_inputs
page_1_577_url_5,577,/dlia-posylennia-erektsii,24772,True,/dlia-posylennia-erektsii,/,Структура сайту,Для посилення ерекції,4,1066,1,33,5,2025-08-20T22:24:23.100657,super_optimized_evaluate_all_with_inputs
page_1_577_url_6,577,/t251983-krem-erektsyonnyi-boo-enlargement-cream-men-50ml/,57745,True,/dlia-posylennia-erektsii,/,Структура сайту,Для посилення ерекції,4,1066,1,33,6,2025-08-20T22:24:23.100659,super_optimized_evaluate_all_with_inputs
page_1_578_url_0,578,/molochko-dlya-tila,21,True,/prolonhatory,/,Структура сайту,Пролонгатори,4,1067,1,34,0,2025-08-20T22:24:23.100660,super_optimized_evaluate_all_with_inputs
page_1_578_url_1,578,/molochko-dlya-tila/,22,True,/prolonhatory,/,Структура сайту,Пролонгатори,4,1067,1,34,1,2025-08-20T22:24:23.100662,super_optimized_evaluate_all_with_inputs
page_1_578_url_2,578,/milk-body-cleanser,23,True,/prolonhatory,/,Структура сайту,Пролонгатори,4,1067,1,34,2,2025-08-20T22:24:23.100664,super_optimized_evaluate_all_with_inputs
page_1_578_url_3,578,/milk-body-cleanser/,391,True,/prolonhatory,/,Структура сайту,Пролонгатори,4,1067,1,34,3,2025-08-20T22:24:23.100665,super_optimized_evaluate_all_with_inputs
page_1_578_url_4,578,/hel-dlia-zbilshennia-penisu-emily-love-maxi-size-150ml/,20923,True,/prolonhatory,/,Структура сайту,Пролонгатори,4,1067,1,34,4,2025-08-20T22:24:23.100667,super_optimized_evaluate_all_with_inputs
page_1_578_url_5,578,/sprei-prolonhator-dlia-cholovikiv-boo-delay-spray-men/,20924,True,/prolonhatory,/,Структура сайту,Пролонгатори,4,1067,1,34,5,2025-08-20T22:24:23.100668,super_optimized_evaluate_all_with_inputs
page_1_578_url_6,578,/podovzhuiuchyi-krem-dlia-cholovikiv-ero-penis-marathon-long-power-30-ml/,20928,True,/prolonhatory,/,Структура сайту,Пролонгатори,4,1067,1,34,6,2025-08-20T22:24:23.100669,super_optimized_evaluate_all_with_inputs
page_1_578_url_7,578,/krem-prolonhator-dlia-cholovikiv-shiatsu-delay-cream/,20930,True,/prolonhatory,/,Структура сайту,Пролонгатори,4,1067,1,34,7,2025-08-20T22:24:23.100671,super_optimized_evaluate_all_with_inputs
page_1_578_url_8,578,/krem-dlia-zbilshennia-penisa-ruf-larger-75-ml/,20961,True,/prolonhatory,/,Структура сайту,Пролонгатори,4,1067,1,34,8,2025-08-20T22:24:23.100672,super_optimized_evaluate_all_with_inputs
page_1_578_url_9,578,/erektsyonnyi-krem-penis-development-cream/,20996,True,/prolonhatory,/,Структура сайту,Пролонгатори,4,1067,1,34,9,2025-08-20T22:24:23.100674,super_optimized_evaluate_all_with_inputs
page_1_578_url_10,578,/krem-prolonhator-dlia-cholovikiv-rhino-30-ml/,21055,True,/prolonhatory,/,Структура сайту,Пролонгатори,4,1067,1,34,10,2025-08-20T22:24:23.100675,super_optimized_evaluate_all_with_inputs
page_1_578_url_11,578,/krem-prolonhator-dlia-cholovikiv-delay-50-ml/,21092,True,/prolonhatory,/,Структура сайту,Пролонгатори,4,1067,1,34,11,2025-08-20T22:24:23.100676,super_optimized_evaluate_all_with_inputs
page_1_578_url_12,578,/krem-dlia-zbilshennia-penisa-ruf-super-penis-75-ml/,21142,True,/prolonhatory,/,Структура сайту,Пролонгатори,4,1067,1,34,12,2025-08-20T22:24:23.100678,super_optimized_evaluate_all_with_inputs
page_1_578_url_13,578,/hel-erektsiinyi-ruf-x-i-can-warming-gel-for-men/,21143,True,/prolonhatory,/,Структура сайту,Пролонгатори,4,1067,1,34,13,2025-08-20T22:24:23.100679,super_optimized_evaluate_all_with_inputs
page_1_578_url_14,578,/prolonhatory,24773,True,/prolonhatory,/,Структура сайту,Пролонгатори,4,1067,1,34,14,2025-08-20T22:24:23.100681,super_optimized_evaluate_all_with_inputs
page_1_578_url_15,578,/prolonhator-cobeco-clove-delay-gel-60-ml/,57847,True,/prolonhatory,/,Структура сайту,Пролонгатори,4,1067,1,34,15,2025-08-20T22:24:23.100682,super_optimized_evaluate_all_with_inputs
page_1_578_url_16,578,/ru/sprei-prolonhator-dlia-muzhchyn-retard-907/,57850,True,/prolonhatory,/,Структура сайту,Пролонгатори,4,1067,1,34,16,2025-08-20T22:24:23.100683,super_optimized_evaluate_all_with_inputs
page_1_578_url_17,578,/ru/sprei-prolonhator-dlia-cholovikiv-stud-100-12-ml/,57859,True,/prolonhatory,/,Структура сайту,Пролонгатори,4,1067,1,34,17,2025-08-20T22:24:23.100685,super_optimized_evaluate_all_with_inputs
page_1_578_url_18,578,/ru/sprei-prolonhator-dlia-cholovikiv-shiatsu-delay-spray/,57865,True,/prolonhatory,/,Структура сайту,Пролонгатори,4,1067,1,34,18,2025-08-20T22:24:23.100686,super_optimized_evaluate_all_with_inputs
page_1_578_url_19,578,/sprei-prolonhator-stud100-chernyi/,57873,True,/prolonhatory,/,Структура сайту,Пролонгатори,4,1067,1,34,19,2025-08-20T22:24:23.100687,super_optimized_evaluate_all_with_inputs
page_1_580_url_0,580,/hair,25,True,/kosmetyka-dlia-par,/,Структура сайту,Косметика для пар,4,1069,1,35,0,2025-08-20T22:24:23.100689,super_optimized_evaluate_all_with_inputs
page_1_580_url_1,580,/hair/,297,True,/kosmetyka-dlia-par,/,Структура сайту,Косметика для пар,4,1069,1,35,1,2025-08-20T22:24:23.100690,super_optimized_evaluate_all_with_inputs
page_1_580_url_2,580,/hair-care,298,True,/kosmetyka-dlia-par,/,Структура сайту,Косметика для пар,4,1069,1,35,2,2025-08-20T22:24:23.100692,super_optimized_evaluate_all_with_inputs
page_1_580_url_3,580,/hair-care/,393,True,/kosmetyka-dlia-par,/,Структура сайту,Косметика для пар,4,1069,1,35,3,2025-08-20T22:24:23.100693,super_optimized_evaluate_all_with_inputs
page_1_580_url_4,580,/dlia-dvokh,394,True,/kosmetyka-dlia-par,/,Структура сайту,Косметика для пар,4,1069,1,35,4,2025-08-20T22:24:23.100694,super_optimized_evaluate_all_with_inputs
page_1_580_url_5,580,/dlia-dvokh/,1401,True,/kosmetyka-dlia-par,/,Структура сайту,Косметика для пар,4,1069,1,35,5,2025-08-20T22:24:23.100696,super_optimized_evaluate_all_with_inputs
page_1_580_url_6,580,/kosmetyka-dlia-par,24774,True,/kosmetyka-dlia-par,/,Структура сайту,Косметика для пар,4,1069,1,35,6,2025-08-20T22:24:23.100697,super_optimized_evaluate_all_with_inputs
page_1_580_url_7,580,/stymulyruiushchyi-hel-intensify-plus-warming-kama-sutra/,57781,True,/kosmetyka-dlia-par,/,Структура сайту,Косметика для пар,4,1069,1,35,7,2025-08-20T22:24:23.100699,super_optimized_evaluate_all_with_inputs
page_1_580_url_8,580,/stymulyruiushchyi-lubrykant-y-massazhnyi-hel-2-v1-waterglide-guarana-300-ml/,57805,True,/kosmetyka-dlia-par,/,Структура сайту,Косметика для пар,4,1069,1,35,8,2025-08-20T22:24:23.100700,super_optimized_evaluate_all_with_inputs
page_1_580_url_9,580,/ru/massazhnoe-maslo-hot-bio-massage-oil-cayenne-pepper-100-ml/,57852,True,/kosmetyka-dlia-par,/,Структура сайту,Косметика для пар,4,1069,1,35,9,2025-08-20T22:24:23.100701,super_optimized_evaluate_all_with_inputs
page_1_580_url_10,580,/krem-zbudzhuiuchyi-dlia-zhinok-hot-v-activ-50-ml/,57889,True,/kosmetyka-dlia-par,/,Структура сайту,Косметика для пар,4,1069,1,35,10,2025-08-20T22:24:23.100703,super_optimized_evaluate_all_with_inputs
page_1_580_url_11,580,/nabor-sensuva-xo-kisses-orgasms-pleasure-kit/,57910,True,/kosmetyka-dlia-par,/,Структура сайту,Косметика для пар,4,1069,1,35,11,2025-08-20T22:24:23.100704,super_optimized_evaluate_all_with_inputs
page_1_580_url_12,580,/ru/podarunkovyi-nabir-dlia-seksu-pleasure-overload-play-box-5-predmetiv-fifty-shades-of-grey-uk/item/uxod-sprej-dlya-uxoda-za-intimnyimi-igrushkami-100-ml-1423799843/,57923,True,/kosmetyka-dlia-par,/,Структура сайту,Косметика для пар,4,1069,1,35,12,2025-08-20T22:24:23.100706,super_optimized_evaluate_all_with_inputs
page_1_580_url_13,580,/ru/krapli-shcho-zbudzhuiut-dlia-dvokh-ispanska-mushka-love-drops-power-30ml/,57949,True,/kosmetyka-dlia-par,/,Структура сайту,Косметика для пар,4,1069,1,35,13,2025-08-20T22:24:23.100707,super_optimized_evaluate_all_with_inputs
page_1_607_url_0,607,/orgie,24775,True,/orgie,/,Бренди,Orgie,349,95,1,36,0,2025-08-20T22:24:23.100709,super_optimized_evaluate_all_with_inputs
page_1_609_url_0,609,/iphone-12,59,True,/prezervativy-one,/,Структура сайту,Презервативи ONE,4,1073,1,37,0,2025-08-20T22:24:23.100711,super_optimized_evaluate_all_with_inputs
page_1_609_url_1,609,/iphone-12/,327,True,/prezervativy-one,/,Структура сайту,Презервативи ONE,4,1073,1,37,1,2025-08-20T22:24:23.100712,super_optimized_evaluate_all_with_inputs
page_1_609_url_2,609,/one,328,True,/prezervativy-one,/,Структура сайту,Презервативи ONE,4,1073,1,37,2,2025-08-20T22:24:23.100713,super_optimized_evaluate_all_with_inputs
page_1_609_url_3,609,/prezervatyvy-z-krapkamy-one-super-studs/,20954,True,/prezervativy-one,/,Структура сайту,Презервативи ONE,4,1073,1,37,3,2025-08-20T22:24:23.100715,super_optimized_evaluate_all_with_inputs
page_1_609_url_4,609,/one/,22300,True,/prezervativy-one,/,Структура сайту,Презервативи ONE,4,1073,1,37,4,2025-08-20T22:24:23.100716,super_optimized_evaluate_all_with_inputs
page_1_609_url_5,609,/prezervativy-one,24776,True,/prezervativy-one,/,Структура сайту,Презервативи ONE,4,1073,1,37,5,2025-08-20T22:24:23.100718,super_optimized_evaluate_all_with_inputs
page_1_609_url_6,609,/one/filter/page=2/,57782,True,/prezervativy-one,/,Структура сайту,Презервативи ONE,4,1073,1,37,6,2025-08-20T22:24:23.100719,super_optimized_evaluate_all_with_inputs
page_1_610_url_0,610,/iphone-11,60,True,/prezervativy-skyn,/,Структура сайту,Презервативи SKYN,4,1074,1,38,0,2025-08-20T22:24:23.100721,super_optimized_evaluate_all_with_inputs
page_1_610_url_1,610,/iphone-11/,325,True,/prezervativy-skyn,/,Структура сайту,Презервативи SKYN,4,1074,1,38,1,2025-08-20T22:24:23.100722,super_optimized_evaluate_all_with_inputs
page_1_610_url_2,610,/skyn,326,True,/prezervativy-skyn,/,Структура сайту,Презервативи SKYN,4,1074,1,38,2,2025-08-20T22:24:23.100723,super_optimized_evaluate_all_with_inputs
page_1_610_url_3,610,/prezervatyvy-skins-z-krapkamy-i-rebramy/,20854,True,/prezervativy-skyn,/,Структура сайту,Презервативи SKYN,4,1074,1,38,3,2025-08-20T22:24:23.100725,super_optimized_evaluate_all_with_inputs
page_1_610_url_4,610,/skyn/,22302,True,/prezervativy-skyn,/,Структура сайту,Презервативи SKYN,4,1074,1,38,4,2025-08-20T22:24:23.100726,super_optimized_evaluate_all_with_inputs
page_1_610_url_5,610,/prezervativy-skyn,24777,True,/prezervativy-skyn,/,Структура сайту,Презервативи SKYN,4,1074,1,38,5,2025-08-20T22:24:23.100727,super_optimized_evaluate_all_with_inputs
page_1_611_url_0,611,/iphone-12-pro-max-128gb-graphite,24778,True,/iphone-12-pro-max-128gb-graphite,/,КАТАЛОГ,289,17,289,1,39,0,2025-08-20T22:24:23.100729,super_optimized_evaluate_all_with_inputs
page_1_774_url_0,774,/laptops,228,True,/upakovky-one,/,Структура сайту,Упаковки ONE,4,1075,1,40,0,2025-08-20T22:24:23.100731,super_optimized_evaluate_all_with_inputs
page_1_774_url_1,774,/laptops/,331,True,/upakovky-one,/,Структура сайту,Упаковки ONE,4,1075,1,40,1,2025-08-20T22:24:23.100732,super_optimized_evaluate_all_with_inputs
page_1_774_url_2,774,/one/1075,332,True,/upakovky-one,/,Структура сайту,Упаковки ONE,4,1075,1,40,2,2025-08-20T22:24:23.100733,super_optimized_evaluate_all_with_inputs
page_1_774_url_3,774,/one/1075/,333,True,/upakovky-one,/,Структура сайту,Упаковки ONE,4,1075,1,40,3,2025-08-20T22:24:23.100735,super_optimized_evaluate_all_with_inputs
page_1_774_url_4,774,/upakovky-one,24779,True,/upakovky-one,/,Структура сайту,Упаковки ONE,4,1075,1,40,4,2025-08-20T22:24:23.100736,super_optimized_evaluate_all_with_inputs
page_1_775_url_0,775,/monoblocks,229,True,/trojan,/,Структура сайту,Упаковки Trojan,4,1076,1,41,0,2025-08-20T22:24:23.100738,super_optimized_evaluate_all_with_inputs
page_1_775_url_1,775,/monoblocks/,329,True,/trojan,/,Структура сайту,Упаковки Trojan,4,1076,1,41,1,2025-08-20T22:24:23.100739,super_optimized_evaluate_all_with_inputs
page_1_775_url_2,775,/trojan,24780,True,/trojan,/,Структура сайту,Упаковки Trojan,4,1076,1,41,2,2025-08-20T22:24:23.100740,super_optimized_evaluate_all_with_inputs
page_1_776_url_0,776,/iphone-se,230,True,/inshi,/,Структура сайту,Інші презервативи,4,1077,1,42,0,2025-08-20T22:24:23.100742,super_optimized_evaluate_all_with_inputs
page_1_776_url_1,776,/iphone-se/,323,True,/inshi,/,Структура сайту,Інші презервативи,4,1077,1,42,1,2025-08-20T22:24:23.100743,super_optimized_evaluate_all_with_inputs
page_1_776_url_2,776,/svitiashchi-prezervatyvy-one-glowing-pleasures/,20242,True,/inshi,/,Структура сайту,Інші презервативи,4,1077,1,42,2,2025-08-20T22:24:23.100745,super_optimized_evaluate_all_with_inputs
page_1_776_url_3,776,/prezervatyvy-z-prolonhuiuchym-efektom-exs-delay/,20387,True,/inshi,/,Структура сайту,Інші презервативи,4,1077,1,42,3,2025-08-20T22:24:23.100746,super_optimized_evaluate_all_with_inputs
page_1_776_url_4,776,/inshi,24781,True,/inshi,/,Структура сайту,Інші презервативи,4,1077,1,42,4,2025-08-20T22:24:23.100747,super_optimized_evaluate_all_with_inputs
page_1_776_url_5,776,/lifestyles-lubricated/,57793,True,/inshi,/,Структура сайту,Інші презервативи,4,1077,1,42,5,2025-08-20T22:24:23.100749,super_optimized_evaluate_all_with_inputs
page_1_776_url_6,776,/ru/lifestyles-lubricated/,57918,True,/inshi,/,Структура сайту,Інші презервативи,4,1077,1,42,6,2025-08-20T22:24:23.100750,super_optimized_evaluate_all_with_inputs
page_1_838_url_0,838,/upakovky-skyn,24782,True,/upakovky-skyn,/,Структура сайту,Упаковки SKYN,4,1082,1,43,0,2025-08-20T22:24:23.100752,super_optimized_evaluate_all_with_inputs
page_1_839_url_0,839,/upakovky-kimono,24783,True,/upakovky-kimono,/,Структура сайту,Упаковки Kimono,4,1083,1,44,0,2025-08-20T22:24:23.100753,super_optimized_evaluate_all_with_inputs
page_1_840_url_0,840,/nabir-klasychnykh-prezervatyviv-18-sht/,21026,True,/inshi-upakovky,/,Структура сайту,Інші упаковки,4,1084,1,45,0,2025-08-20T22:24:23.100755,super_optimized_evaluate_all_with_inputs
page_1_840_url_1,840,/inshi-upakovky,24784,True,/inshi-upakovky,/,Структура сайту,Інші упаковки,4,1084,1,45,1,2025-08-20T22:24:23.100756,super_optimized_evaluate_all_with_inputs
page_1_841_url_0,841,/probnyky,342,True,/probnyky-lubrykantiv,/,Структура сайту,Пробники лубрикантів,4,1085,1,46,0,2025-08-20T22:24:23.100758,super_optimized_evaluate_all_with_inputs
page_1_841_url_1,841,/probnyky/,1405,True,/probnyky-lubrykantiv,/,Структура сайту,Пробники лубрикантів,4,1085,1,46,1,2025-08-20T22:24:23.100759,super_optimized_evaluate_all_with_inputs
page_1_841_url_2,841,/probnyky-lubrykantiv,24785,True,/probnyky-lubrykantiv,/,Структура сайту,Пробники лубрикантів,4,1085,1,46,2,2025-08-20T22:24:23.100761,super_optimized_evaluate_all_with_inputs
page_1_842_url_0,842,/dlia-par,353,True,/ihrashky-dlia-par,/,Структура сайту,Іграшки для пар,4,1086,1,47,0,2025-08-20T22:24:23.100762,super_optimized_evaluate_all_with_inputs
page_1_842_url_1,842,/dlia-par/,1387,True,/ihrashky-dlia-par,/,Структура сайту,Іграшки для пар,4,1086,1,47,1,2025-08-20T22:24:23.100764,super_optimized_evaluate_all_with_inputs
page_1_842_url_2,842,/ihrashky-dlia-par,24786,True,/ihrashky-dlia-par,/,Структура сайту,Іграшки для пар,4,1086,1,47,2,2025-08-20T22:24:23.100765,super_optimized_evaluate_all_with_inputs
page_1_843_url_0,843,/analni,24787,True,/analni,/,Структура сайту,Анальні іграшки,4,1087,1,48,0,2025-08-20T22:24:23.100767,super_optimized_evaluate_all_with_inputs
page_1_844_url_0,844,/zasoby-dlia-dohliadu,24788,True,/zasoby-dlia-dohliadu,/,Структура сайту,Засоби для догляду,4,1088,1,49,0,2025-08-20T22:24:23.100769,super_optimized_evaluate_all_with_inputs
page_1_844_url_1,844,/ochystytel-hot-bio-cleaner-spray-50-ml/,57785,True,/zasoby-dlia-dohliadu,/,Структура сайту,Засоби для догляду,4,1088,1,49,1,2025-08-20T22:24:23.100770,super_optimized_evaluate_all_with_inputs
page_1_844_url_2,844,/ochystytel-hot-bio-cleaner-spray-150-ml/,57804,True,/zasoby-dlia-dohliadu,/,Структура сайту,Засоби для догляду,4,1088,1,49,2,2025-08-20T22:24:23.100771,super_optimized_evaluate_all_with_inputs
page_1_844_url_3,844,/ochystytel-dlia-yhrushek-wicked-simply-foam-fresh-toy-cleaner/,57809,True,/zasoby-dlia-dohliadu,/,Структура сайту,Засоби для догляду,4,1088,1,49,3,2025-08-20T22:24:23.100773,super_optimized_evaluate_all_with_inputs
page_1_844_url_4,844,/ru/ochystytel-wicked-anti-bacteria-foaming-toycleaner-240-ml/,57861,True,/zasoby-dlia-dohliadu,/,Структура сайту,Засоби для догляду,4,1088,1,49,4,2025-08-20T22:24:23.100774,super_optimized_evaluate_all_with_inputs
page_1_844_url_5,844,/talk-dlia-ukhoda-za-yhrushkamy-fppr/,57869,True,/zasoby-dlia-dohliadu,/,Структура сайту,Засоби для догляду,4,1088,1,49,5,2025-08-20T22:24:23.100775,super_optimized_evaluate_all_with_inputs
page_1_845_url_0,845,/bdsm,24789,True,/bdsm,/,Структура сайту,БДСМ,4,1089,1,50,0,2025-08-20T22:24:23.100777,super_optimized_evaluate_all_with_inputs
page_1_846_url_0,846,/ihry/filter/page=3/,20363,True,/ihry,/,Структура сайту,Ігри 18+,4,1090,1,51,0,2025-08-20T22:24:23.100779,super_optimized_evaluate_all_with_inputs
page_1_846_url_1,846,/ihry,24790,True,/ihry,/,Структура сайту,Ігри 18+,4,1090,1,51,1,2025-08-20T22:24:23.100780,super_optimized_evaluate_all_with_inputs
page_1_847_url_0,847,/vakuumni,358,True,/vakuumni-stymuliatory,/,Структура сайту,Вакуумні стимулятори,4,1091,1,52,0,2025-08-20T22:24:23.100782,super_optimized_evaluate_all_with_inputs
page_1_847_url_1,847,/vakuumni/,435,True,/vakuumni-stymuliatory,/,Структура сайту,Вакуумні стимулятори,4,1091,1,52,1,2025-08-20T22:24:23.100783,super_optimized_evaluate_all_with_inputs
page_1_847_url_2,847,/vakuumni-stymuliatory,24791,True,/vakuumni-stymuliatory,/,Структура сайту,Вакуумні стимулятори,4,1091,1,52,2,2025-08-20T22:24:23.100784,super_optimized_evaluate_all_with_inputs
page_1_847_url_3,847,/ru/vakuumnyi-stymuliator-klitora-so-divine-selflove/,57881,True,/vakuumni-stymuliatory,/,Структура сайту,Вакуумні стимулятори,4,1091,1,52,3,2025-08-20T22:24:23.100787,super_optimized_evaluate_all_with_inputs
page_1_849_url_0,849,/hihiyena-ta-zdorovya,24792,True,/hihiyena-ta-zdorovya,/,Структура сайту,Гігієна та здоров'я,4,1093,1,53,0,2025-08-20T22:24:23.100789,super_optimized_evaluate_all_with_inputs
page_1_852_url_0,852,/universalni,363,True,/vibratory-krolyky,/,Структура сайту,Вібратори-кролики,4,1096,1,54,0,2025-08-20T22:24:23.100792,super_optimized_evaluate_all_with_inputs
page_1_852_url_1,852,/vibratory-krolyky/filter/page=4/,20319,True,/vibratory-krolyky,/,Структура сайту,Вібратори-кролики,4,1096,1,54,1,2025-08-20T22:24:23.100793,super_optimized_evaluate_all_with_inputs
page_1_852_url_2,852,/vibratory-krolyky,24793,True,/vibratory-krolyky,/,Структура сайту,Вібратори-кролики,4,1096,1,54,2,2025-08-20T22:24:23.100794,super_optimized_evaluate_all_with_inputs
page_1_853_url_0,853,/na-dystantsiynomu-keruvanni,24794,True,/na-dystantsiynomu-keruvanni,/,Структура сайту,Віброяйця,4,1097,1,55,0,2025-08-20T22:24:23.100796,super_optimized_evaluate_all_with_inputs
page_1_855_url_0,855,/vibrokuli,24795,True,/vibrokuli,/,Структура сайту,Віброкулі,4,1099,1,56,0,2025-08-20T22:24:23.100797,super_optimized_evaluate_all_with_inputs
page_1_857_url_0,857,/tochkovi,368,True,/klitoralni-vibratory,/,Структура сайту,Кліторальні вібратори,4,1101,1,57,0,2025-08-20T22:24:23.100799,super_optimized_evaluate_all_with_inputs
page_1_857_url_1,857,/tochkovi/,369,True,/klitoralni-vibratory,/,Структура сайту,Кліторальні вібратори,4,1101,1,57,1,2025-08-20T22:24:23.100800,super_optimized_evaluate_all_with_inputs
page_1_857_url_2,857,/tochkova-stymuliatsiia,370,True,/klitoralni-vibratory,/,Структура сайту,Кліторальні вібратори,4,1101,1,57,2,2025-08-20T22:24:23.100802,super_optimized_evaluate_all_with_inputs
page_1_857_url_3,857,/tochkova-stymuliatsiia/,437,True,/klitoralni-vibratory,/,Структура сайту,Кліторальні вібратори,4,1101,1,57,3,2025-08-20T22:24:23.100803,super_optimized_evaluate_all_with_inputs
page_1_857_url_4,857,/tochkovi-vibratory,440,True,/klitoralni-vibratory,/,Структура сайту,Кліторальні вібратори,4,1101,1,57,4,2025-08-20T22:24:23.100804,super_optimized_evaluate_all_with_inputs
page_1_857_url_5,857,/tochkovi-vibratory/,443,True,/klitoralni-vibratory,/,Структура сайту,Кліторальні вібратори,4,1101,1,57,5,2025-08-20T22:24:23.100806,super_optimized_evaluate_all_with_inputs
page_1_857_url_6,857,/klitoralni-vibratory,24796,True,/klitoralni-vibratory,/,Структура сайту,Кліторальні вібратори,4,1101,1,57,6,2025-08-20T22:24:23.100807,super_optimized_evaluate_all_with_inputs
page_1_858_url_0,858,/z-hnuchkym-stvolom,373,True,/klasychni-vibratory,/,Структура сайту,Класичні вібратори,4,1102,1,58,0,2025-08-20T22:24:23.100809,super_optimized_evaluate_all_with_inputs
page_1_858_url_1,858,/z-hnuchkym-stvolom/,1358,True,/klasychni-vibratory,/,Структура сайту,Класичні вібратори,4,1102,1,58,1,2025-08-20T22:24:23.100810,super_optimized_evaluate_all_with_inputs
page_1_858_url_2,858,/klasychni-vibratory,24797,True,/klasychni-vibratory,/,Структура сайту,Класичні вібратори,4,1102,1,58,2,2025-08-20T22:24:23.100811,super_optimized_evaluate_all_with_inputs
page_1_859_url_0,859,/dlia-tochky-g,374,True,/vibratory-dlia-tochky-g,/,Структура сайту,Вібратори для точки G,4,1103,1,59,0,2025-08-20T22:24:23.100813,super_optimized_evaluate_all_with_inputs
page_1_859_url_1,859,/dlia-tochky-g/,1361,True,/vibratory-dlia-tochky-g,/,Структура сайту,Вібратори для точки G,4,1103,1,59,1,2025-08-20T22:24:23.100814,super_optimized_evaluate_all_with_inputs
page_1_859_url_2,859,/vibratory-dlia-tochky-g,24798,True,/vibratory-dlia-tochky-g,/,Структура сайту,Вібратори для точки G,4,1103,1,59,2,2025-08-20T22:24:23.100815,super_optimized_evaluate_all_with_inputs
page_1_860_url_0,860,/vibrokiltsia,24799,True,/vibrokiltsia,/,Структура сайту,Віброкільця,4,1104,1,60,0,2025-08-20T22:24:23.100817,super_optimized_evaluate_all_with_inputs
page_1_861_url_0,861,/masturbatory,24800,True,/masturbatory,/,Структура сайту,Мастурбатори,4,1105,1,61,0,2025-08-20T22:24:23.100819,super_optimized_evaluate_all_with_inputs
page_1_862_url_0,862,/probky,377,True,/analni-probky,/,Структура сайту,Анальні пробки,4,1106,1,62,0,2025-08-20T22:24:23.100820,super_optimized_evaluate_all_with_inputs
page_1_862_url_1,862,/probky/,1418,True,/analni-probky,/,Структура сайту,Анальні пробки,4,1106,1,62,1,2025-08-20T22:24:23.100822,super_optimized_evaluate_all_with_inputs
page_1_862_url_2,862,/analni-probky,24801,True,/analni-probky,/,Структура сайту,Анальні пробки,4,1106,1,62,2,2025-08-20T22:24:23.100823,super_optimized_evaluate_all_with_inputs
page_1_863_url_0,863,/analni-vibratory,24802,True,/analni-vibratory,/,Структура сайту,Анальні вібратори,4,1107,1,63,0,2025-08-20T22:24:23.100824,super_optimized_evaluate_all_with_inputs
page_1_864_url_0,864,/zasoby-dlia-masazhu,1390,True,/dlia-masazhu,/,Структура сайту,Для масажу,4,1108,1,64,0,2025-08-20T22:24:23.100826,super_optimized_evaluate_all_with_inputs
page_1_864_url_1,864,/zasoby-dlia-masazhu/,5598,True,/dlia-masazhu,/,Структура сайту,Для масажу,4,1108,1,64,1,2025-08-20T22:24:23.100827,super_optimized_evaluate_all_with_inputs
page_1_864_url_2,864,/dlia-masazhu,24803,True,/dlia-masazhu,/,Структура сайту,Для масажу,4,1108,1,64,2,2025-08-20T22:24:23.100829,super_optimized_evaluate_all_with_inputs
page_1_864_url_3,864,/razohrevaiushchee-massazhnoe-maslo-boo-massage-oil-warming-150-ml/,57733,True,/dlia-masazhu,/,Структура сайту,Для масажу,4,1108,1,64,3,2025-08-20T22:24:23.100830,super_optimized_evaluate_all_with_inputs
page_1_864_url_4,864,/massazhnaiasvechaexotiqmassagecandlevioletrose-60ml/,57738,True,/dlia-masazhu,/,Структура сайту,Для масажу,4,1108,1,64,4,2025-08-20T22:24:23.100831,super_optimized_evaluate_all_with_inputs
page_1_864_url_5,864,/massazhnyi-hel-y-lubrykant-hot-massage-glide-gel-2in1-silky-touch-200-ml/,57762,True,/dlia-masazhu,/,Структура сайту,Для масажу,4,1108,1,64,5,2025-08-20T22:24:23.100833,super_optimized_evaluate_all_with_inputs
page_1_864_url_6,864,/massazhnoe-maslo-magoon-sandelhjlz-100-ml/,57768,True,/dlia-masazhu,/,Структура сайту,Для масажу,4,1108,1,64,6,2025-08-20T22:24:23.100834,super_optimized_evaluate_all_with_inputs
page_1_864_url_7,864,/svecha-dlia-massazha-kama-sutra-manho-170-ml/,57774,True,/dlia-masazhu,/,Структура сайту,Для масажу,4,1108,1,64,7,2025-08-20T22:24:23.100835,super_optimized_evaluate_all_with_inputs
page_1_864_url_8,864,/massazhnoe-maslo-y-lubrykant-bodygliss-s-aromatom-anysa-150-ml/,57783,True,/dlia-masazhu,/,Структура сайту,Для масажу,4,1108,1,64,8,2025-08-20T22:24:23.100837,super_optimized_evaluate_all_with_inputs
page_1_864_url_9,864,/orhanycheskoe-massazhnoe-maslo-s-rasslabliaiushchym-effektom-egzo-expert-pleasure-50-ml/,57788,True,/dlia-masazhu,/,Структура сайту,Для масажу,4,1108,1,64,9,2025-08-20T22:24:23.100838,super_optimized_evaluate_all_with_inputs
page_1_864_url_10,864,/orhanycheskoe-massazhnoe-maslo-s-vozbuzhdaiushchym-effektom-egzo-expert-citrus-100-ml/,57792,True,/dlia-masazhu,/,Структура сайту,Для масажу,4,1108,1,64,10,2025-08-20T22:24:23.100839,super_optimized_evaluate_all_with_inputs
page_1_864_url_11,864,/ru/massazhnoe-maslo-y-lubrykant-bodygliss-s-aromatom-anysa-150-ml/,57796,True,/dlia-masazhu,/,Структура сайту,Для масажу,4,1108,1,64,11,2025-08-20T22:24:23.100841,super_optimized_evaluate_all_with_inputs
page_1_864_url_12,864,/massazhnyi-hel-lovestim-orgasmic-touch-zi-smakom-malyny-150-ml/,57800,True,/dlia-masazhu,/,Структура сайту,Для масажу,4,1108,1,64,12,2025-08-20T22:24:23.100842,super_optimized_evaluate_all_with_inputs
page_1_864_url_13,864,/probnyk-masazhnoho-masla-z-feromonamy-mai-pheromon-massage-oil-chocolate-10-ml/,57819,True,/dlia-masazhu,/,Структура сайту,Для масажу,4,1108,1,64,13,2025-08-20T22:24:23.100843,super_optimized_evaluate_all_with_inputs
page_1_864_url_14,864,/massazhnyi-hel-y-lubrykant-boo-2-v1-massage-lube-150-ml/,57828,True,/dlia-masazhu,/,Структура сайту,Для масажу,4,1108,1,64,14,2025-08-20T22:24:23.100845,super_optimized_evaluate_all_with_inputs
page_1_864_url_15,864,/massazhnaiasvechaexotiqmassagecandlevanillaamber-60ml/,57832,True,/dlia-masazhu,/,Структура сайту,Для масажу,4,1108,1,64,15,2025-08-20T22:24:23.100846,super_optimized_evaluate_all_with_inputs
page_1_864_url_16,864,/massazhnyi-hel-y-lubrykant-hot-massage-glide-gel-2in1-strawberry-200-ml/,57839,True,/dlia-masazhu,/,Структура сайту,Для масажу,4,1108,1,64,16,2025-08-20T22:24:23.100847,super_optimized_evaluate_all_with_inputs
page_1_864_url_17,864,/ru/massazhnaia-svecha-mystim-romantycheskoe-puteshestvye-120-hramm/,57846,True,/dlia-masazhu,/,Структура сайту,Для масажу,4,1108,1,64,17,2025-08-20T22:24:23.100849,super_optimized_evaluate_all_with_inputs
page_1_864_url_18,864,/ru/svecha-dlia-massazha-shiatsu-yantar-130-hr/,57860,True,/dlia-masazhu,/,Структура сайту,Для масажу,4,1108,1,64,18,2025-08-20T22:24:23.100850,super_optimized_evaluate_all_with_inputs
page_1_864_url_19,864,/ru/massazhnoe-maslo-shiatsu-passion-vyshnia-y-rozmaryn/,57862,True,/dlia-masazhu,/,Структура сайту,Для масажу,4,1108,1,64,19,2025-08-20T22:24:23.100851,super_optimized_evaluate_all_with_inputs
page_1_864_url_20,864,/ru/massazhnyi-hel-y-lubrykant-boo-2-v1-massage-lube-50-ml/,57863,True,/dlia-masazhu,/,Структура сайту,Для масажу,4,1108,1,64,20,2025-08-20T22:24:23.100852,super_optimized_evaluate_all_with_inputs
page_1_864_url_21,864,/ru/massazhnaiasvechaexotiqmassagecandlevanilla200g/,57866,True,/dlia-masazhu,/,Структура сайту,Для масажу,4,1108,1,64,21,2025-08-20T22:24:23.100854,super_optimized_evaluate_all_with_inputs
page_1_864_url_22,864,/ru/zbudlyve-masazhne-maslo-magoon-love-fantasy-100-ml/,57880,True,/dlia-masazhu,/,Структура сайту,Для масажу,4,1108,1,64,22,2025-08-20T22:24:23.100855,super_optimized_evaluate_all_with_inputs
page_1_864_url_23,864,/oliia-dlia-fistynhu-500mol-buttr-fisting-butter/,57884,True,/dlia-masazhu,/,Структура сайту,Для масажу,4,1108,1,64,23,2025-08-20T22:24:23.100856,super_optimized_evaluate_all_with_inputs
page_1_864_url_24,864,/zbudlyve-masazhne-maslo-magoon-love-fantasy-100-ml/,57892,True,/dlia-masazhu,/,Структура сайту,Для масажу,4,1108,1,64,24,2025-08-20T22:24:23.100858,super_optimized_evaluate_all_with_inputs
page_1_864_url_25,864,/krem-dlia-fistynhu-fist-it-numbing-500-ml/,57896,True,/dlia-masazhu,/,Структура сайту,Для масажу,4,1108,1,64,25,2025-08-20T22:24:23.100859,super_optimized_evaluate_all_with_inputs
page_1_864_url_26,864,/probnyk-masazhnoho-heliu-sensuva-sizzle-lips-butter-rum-6-ml/,57903,True,/dlia-masazhu,/,Структура сайту,Для масажу,4,1108,1,64,26,2025-08-20T22:24:23.100860,super_optimized_evaluate_all_with_inputs
page_1_864_url_27,864,/ru/sedobnoe-maslo-dlia-tela-shiatsu-abrykos-y-oblepykha-75ml/,57924,True,/dlia-masazhu,/,Структура сайту,Для масажу,4,1108,1,64,27,2025-08-20T22:24:23.100862,super_optimized_evaluate_all_with_inputs
page_1_864_url_28,864,/ru/sedobnoe-maslo-dlia-tela-shiatsu-yaponskaia-miata-75ml/,57934,True,/dlia-masazhu,/,Структура сайту,Для масажу,4,1108,1,64,28,2025-08-20T22:24:23.100863,super_optimized_evaluate_all_with_inputs
page_1_864_url_29,864,/ru/krem-dlia-fistynhu-500ml-buttr-fisting-cream/,57937,True,/dlia-masazhu,/,Структура сайту,Для масажу,4,1108,1,64,29,2025-08-20T22:24:23.100864,super_optimized_evaluate_all_with_inputs
page_1_864_url_30,864,/ru/ex-mc-02-200-massazhnaia-svecha-exotiq-massage-candle-violet-rose-200-h/,57947,True,/dlia-masazhu,/,Структура сайту,Для масажу,4,1108,1,64,30,2025-08-20T22:24:23.100866,super_optimized_evaluate_all_with_inputs
page_1_865_url_0,865,/dlia-hlybokoho-minetu,396,True,/dlia-oralnoho-seksu,/,Структура сайту,Для орального сексу,4,1109,1,65,0,2025-08-20T22:24:23.100867,super_optimized_evaluate_all_with_inputs
page_1_865_url_1,865,/dlia-hlybokoho-minetu/,1391,True,/dlia-oralnoho-seksu,/,Структура сайту,Для орального сексу,4,1109,1,65,1,2025-08-20T22:24:23.100869,super_optimized_evaluate_all_with_inputs
page_1_865_url_2,865,/zasoby-dlia-hlybokoho-minetu,1392,True,/dlia-oralnoho-seksu,/,Структура сайту,Для орального сексу,4,1109,1,65,2,2025-08-20T22:24:23.100870,super_optimized_evaluate_all_with_inputs
page_1_865_url_3,865,/zasoby-dlia-hlybokoho-minetu/,5599,True,/dlia-oralnoho-seksu,/,Структура сайту,Для орального сексу,4,1109,1,65,3,2025-08-20T22:24:23.100871,super_optimized_evaluate_all_with_inputs
page_1_865_url_4,865,/sprei-dlia-oralnoho-seksu-orgie-wow/item/blesk-dlya-gub-dlya-oralnogo- seksa-s-effektom-vibraczii-sexy-vibe-orgie-21340/,20252,True,/dlia-oralnoho-seksu,/,Структура сайту,Для орального сексу,4,1109,1,65,4,2025-08-20T22:24:23.100873,super_optimized_evaluate_all_with_inputs
page_1_865_url_5,865,/dlia-oralnoho-seksu,24804,True,/dlia-oralnoho-seksu,/,Структура сайту,Для орального сексу,4,1109,1,65,5,2025-08-20T22:24:23.100874,super_optimized_evaluate_all_with_inputs
page_1_866_url_0,866,/probnyky-zasobiv,397,True,/probnyky-kosmetyky,/,Структура сайту,Пробники косметики,4,1110,1,66,0,2025-08-20T22:24:23.100876,super_optimized_evaluate_all_with_inputs
page_1_866_url_1,866,/probnyky-zasobiv/,1403,True,/probnyky-kosmetyky,/,Структура сайту,Пробники косметики,4,1110,1,66,1,2025-08-20T22:24:23.100877,super_optimized_evaluate_all_with_inputs
page_1_866_url_2,866,/probnyky-kosmetyky,24805,True,/probnyky-kosmetyky,/,Структура сайту,Пробники косметики,4,1110,1,66,2,2025-08-20T22:24:23.100878,super_optimized_evaluate_all_with_inputs
page_1_867_url_0,867,/mister-size,24806,True,/mister-size,/,Бренди,Mister Size,349,96,1,67,0,2025-08-20T22:24:23.100880,super_optimized_evaluate_all_with_inputs
page_1_868_url_0,868,/trojan-brand,24807,True,/trojan-brand,/,Бренди,Trojan,349,97,1,68,0,2025-08-20T22:24:23.100882,super_optimized_evaluate_all_with_inputs
page_1_869_url_0,869,/einhorn-brand,24808,True,/einhorn-brand,/,Бренди,Einhorn,349,98,1,69,0,2025-08-20T22:24:23.100883,super_optimized_evaluate_all_with_inputs
page_1_870_url_0,870,/sagami,24809,True,/sagami,/,Бренди,Sagami,349,99,1,70,0,2025-08-20T22:24:23.100885,super_optimized_evaluate_all_with_inputs
page_1_871_url_0,871,/bijoux,414,True,/bijoux-indiscrets,/,Бренди,Bijoux Indiscrets,349,100,1,71,0,2025-08-20T22:24:23.100887,super_optimized_evaluate_all_with_inputs
page_1_871_url_1,871,/bijoux/,420,True,/bijoux-indiscrets,/,Бренди,Bijoux Indiscrets,349,100,1,71,1,2025-08-20T22:24:23.100888,super_optimized_evaluate_all_with_inputs
page_1_871_url_2,871,/bijoux-indiscrets,24810,True,/bijoux-indiscrets,/,Бренди,Bijoux Indiscrets,349,100,1,71,2,2025-08-20T22:24:23.100889,super_optimized_evaluate_all_with_inputs
page_1_872_url_0,872,/shiatsu,24811,True,/shiatsu,/,Бренди,SHIATSU,349,101,1,72,0,2025-08-20T22:24:23.100891,super_optimized_evaluate_all_with_inputs
page_1_873_url_0,873,/satisfyer,24812,True,/satisfyer,/,Бренди,Satisfyer,349,102,1,73,0,2025-08-20T22:24:23.100893,super_optimized_evaluate_all_with_inputs
page_1_874_url_0,874,/system-jo,24813,True,/system-jo,/,Бренди,System JO,349,103,1,74,0,2025-08-20T22:24:23.100894,super_optimized_evaluate_all_with_inputs
page_1_875_url_0,875,/uberlube,24814,True,/uberlube,/,Бренди,Uberlube,349,104,1,75,0,2025-08-20T22:24:23.100896,super_optimized_evaluate_all_with_inputs
page_1_876_url_0,876,/pjur,24815,True,/pjur,/,Бренди,Pjur,349,105,1,76,0,2025-08-20T22:24:23.100897,super_optimized_evaluate_all_with_inputs
page_1_878_url_0,878,/klasychni,423,True,/klasychni-lubrikanty,/,Структура сайту,Класичні лубриканти,4,1111,1,77,0,2025-08-20T22:24:23.100899,super_optimized_evaluate_all_with_inputs
page_1_878_url_1,878,/klasychni/,22304,True,/klasychni-lubrikanty,/,Структура сайту,Класичні лубриканти,4,1111,1,77,1,2025-08-20T22:24:23.100900,super_optimized_evaluate_all_with_inputs
page_1_878_url_2,878,/klasychni-lubrikanty,24816,True,/klasychni-lubrikanty,/,Структура сайту,Класичні лубриканти,4,1111,1,77,2,2025-08-20T22:24:23.100902,super_optimized_evaluate_all_with_inputs
page_1_879_url_0,879,/sedobnyi-lubrykant-wicked-aqua-strawberry-flavored-30ml/,20341,True,/oralni,/,Структура сайту,Оральні лубриканти,4,1112,1,78,0,2025-08-20T22:24:23.100903,super_optimized_evaluate_all_with_inputs
page_1_879_url_1,879,/stymulyruiushchyi-oralnyi-hel-oral-optimizer-blowjob-gel-vanilla-50-ml/,20346,True,/oralni,/,Структура сайту,Оральні лубриканти,4,1112,1,78,1,2025-08-20T22:24:23.100905,super_optimized_evaluate_all_with_inputs
page_1_879_url_2,879,/sedobnyi-lubrykant-4-v-1-wet-warming-desserts-slow-baked-hazelnut-souffle-89-ml/,20374,True,/oralni,/,Структура сайту,Оральні лубриканти,4,1112,1,78,2,2025-08-20T22:24:23.100906,super_optimized_evaluate_all_with_inputs
page_1_879_url_3,879,/sedobnyi-lubrykant-4-v-1-wet-warming-desserts-oven-baked-apple-pie-so-vkusom-pyroha-30-ml/,20388,True,/oralni,/,Структура сайту,Оральні лубриканти,4,1112,1,78,3,2025-08-20T22:24:23.100907,super_optimized_evaluate_all_with_inputs
page_1_879_url_4,879,/oralni/filter/page=2/,20419,True,/oralni,/,Структура сайту,Оральні лубриканти,4,1112,1,78,4,2025-08-20T22:24:23.100909,super_optimized_evaluate_all_with_inputs
page_1_879_url_5,879,/sedobnyi-lubrykant-4-v-1-wet-warming-desserts-fresh-delicious-donuts-so-vkusom-ponchykov-89-ml/,20494,True,/oralni,/,Структура сайту,Оральні лубриканти,4,1112,1,78,5,2025-08-20T22:24:23.100910,super_optimized_evaluate_all_with_inputs
page_1_879_url_6,879,/yistivna-pudra-kamasutra-honey-dust-raspberry-kiss/,20881,True,/oralni,/,Структура сайту,Оральні лубриканти,4,1112,1,78,6,2025-08-20T22:24:23.100911,super_optimized_evaluate_all_with_inputs
page_1_879_url_7,879,/stymulyruiushchyi-oralnyi-hel-oral-optimizer-blowjob-gel-strawberry-50-ml/,20892,True,/oralni,/,Структура сайту,Оральні лубриканти,4,1112,1,78,7,2025-08-20T22:24:23.100913,super_optimized_evaluate_all_with_inputs
page_1_879_url_8,879,/sedobnyi-lubrykant-30-ml-wet-so-vkusom-klubnyky/,20977,True,/oralni,/,Структура сайту,Оральні лубриканти,4,1112,1,78,8,2025-08-20T22:24:23.100914,super_optimized_evaluate_all_with_inputs
page_1_879_url_9,879,/sedobnyi-lubrykantwet-flavoredtropicalfruitexplosion-vkus-tropyk89-ml/,20980,True,/oralni,/,Структура сайту,Оральні лубриканти,4,1112,1,78,9,2025-08-20T22:24:23.100915,super_optimized_evaluate_all_with_inputs
page_1_879_url_10,879,/stymulyruiushchyi-oralnyi-hel-oral-optimizer-blowjob-gel-pepermint-50-ml/,20988,True,/oralni,/,Структура сайту,Оральні лубриканти,4,1112,1,78,10,2025-08-20T22:24:23.100917,super_optimized_evaluate_all_with_inputs
page_1_879_url_11,879,/sedobnyi-hel-lubrykant-egzo-aroma-gel-apelsyn-50-ml/,21005,True,/oralni,/,Структура сайту,Оральні лубриканти,4,1112,1,78,11,2025-08-20T22:24:23.100918,super_optimized_evaluate_all_with_inputs
page_1_879_url_12,879,/yistivnyi-lubrykant-zi-smakom-karameli-wicked-aqua-60ml/,21007,True,/oralni,/,Структура сайту,Оральні лубриканти,4,1112,1,78,12,2025-08-20T22:24:23.100919,super_optimized_evaluate_all_with_inputs
page_1_879_url_13,879,/lubrykant-oralnyi-so-vkusom-arbuza-wet-turn-on-na-vodnoi-osnove-178-ml/,21020,True,/oralni,/,Структура сайту,Оральні лубриканти,4,1112,1,78,13,2025-08-20T22:24:23.100921,super_optimized_evaluate_all_with_inputs
page_1_879_url_14,879,/sohrevaiushchyi-lubrykant-na-vodnoi-osnove-hot-bio-lubricant-warming-100-ml/,21025,True,/oralni,/,Структура сайту,Оральні лубриканти,4,1112,1,78,14,2025-08-20T22:24:23.100922,super_optimized_evaluate_all_with_inputs
page_1_879_url_15,879,/sedobnyi-lubrykantwet-whippedcream-so-vkusom-slyvok-89-ml/,21054,True,/oralni,/,Структура сайту,Оральні лубриканти,4,1112,1,78,15,2025-08-20T22:24:23.100923,super_optimized_evaluate_all_with_inputs
page_1_879_url_16,879,/sedobnyi-lubrykant-na-vodnoi-osnove-superglide-raspberry-75-ml/,21064,True,/oralni,/,Структура сайту,Оральні лубриканти,4,1112,1,78,16,2025-08-20T22:24:23.100924,super_optimized_evaluate_all_with_inputs
page_1_879_url_17,879,/sedobnoe-maslo-dlia-tela-shiatsu-zelenyi-chai-y-mandaryn-75ml/,21088,True,/oralni,/,Структура сайту,Оральні лубриканти,4,1112,1,78,17,2025-08-20T22:24:23.100926,super_optimized_evaluate_all_with_inputs
page_1_879_url_18,879,/yistivnyi-hel-lubrykant-egzo-aroma-gel-vanilne-morozyvo-50-ml/,21108,True,/oralni,/,Структура сайту,Оральні лубриканти,4,1112,1,78,18,2025-08-20T22:24:23.100927,super_optimized_evaluate_all_with_inputs
page_1_879_url_19,879,/sedobnyi-lubrykant-4-v-1-wet-warming-desserts-slow-baked-hazelnut-so-vkusom-sufle-y-orekha-30-ml/,21118,True,/oralni,/,Структура сайту,Оральні лубриканти,4,1112,1,78,19,2025-08-20T22:24:23.100929,super_optimized_evaluate_all_with_inputs
page_1_879_url_20,879,/sedobnyi-lubrykant-so-vkusom-vanyly-wicked-aqua-60ml/,21140,True,/oralni,/,Структура сайту,Оральні лубриканти,4,1112,1,78,20,2025-08-20T22:24:23.100930,super_optimized_evaluate_all_with_inputs
page_1_879_url_21,879,/sprei-dlia-oralnoho-seksu-orgie-wow/item/blesk-dlya-gub-dlya-oralnogo-seksa-s-effektom-vibraczii-sexy-vibe-orgie-21340/,21149,True,/oralni,/,Структура сайту,Оральні лубриканти,4,1112,1,78,21,2025-08-20T22:24:23.100931,super_optimized_evaluate_all_with_inputs
page_1_879_url_22,879,/oralni,24817,True,/oralni,/,Структура сайту,Оральні лубриканти,4,1112,1,78,22,2025-08-20T22:24:23.100933,super_optimized_evaluate_all_with_inputs
page_1_879_url_23,879,/sedobnyi-lubrykant-na-vodnoi-osnove-hot-superglide-sochnyi-ananas-75-ml/,57736,True,/oralni,/,Структура сайту,Оральні лубриканти,4,1112,1,78,23,2025-08-20T22:24:23.100934,super_optimized_evaluate_all_with_inputs
page_1_879_url_24,879,/sedobnyi-lubrykant-4-v-1-wet-warming-desserts-warm-homemade-so-vkusom-bulochky-30-ml/,57756,True,/oralni,/,Структура сайту,Оральні лубриканти,4,1112,1,78,24,2025-08-20T22:24:23.100935,super_optimized_evaluate_all_with_inputs
page_1_879_url_25,879,/sedobnyi-lubrykantwetdessertsfrostedcupcake-so-vkusom-keksa-89-ml/,57760,True,/oralni,/,Структура сайту,Оральні лубриканти,4,1112,1,78,25,2025-08-20T22:24:23.100936,super_optimized_evaluate_all_with_inputs
page_1_879_url_26,879,/sedobnyi-hel-lubrykant-egzo-aroma-gel-manho-50-ml/,57770,True,/oralni,/,Структура сайту,Оральні лубриканти,4,1112,1,78,26,2025-08-20T22:24:23.100938,super_optimized_evaluate_all_with_inputs
page_1_879_url_27,879,/sedobnyi-lubrykant-so-vkusom-yabloka-wicked-aqua-60ml/,57773,True,/oralni,/,Структура сайту,Оральні лубриканти,4,1112,1,78,27,2025-08-20T22:24:23.100939,super_optimized_evaluate_all_with_inputs
page_1_879_url_28,879,/sedobnyi-lubrykant-wet-bananas-foster-bananovoe-sufle-30ml/,57780,True,/oralni,/,Структура сайту,Оральні лубриканти,4,1112,1,78,28,2025-08-20T22:24:23.100940,super_optimized_evaluate_all_with_inputs
page_1_879_url_29,879,/sedobnyi-lubrykant-so-vkusom-chernychnoho-maffyna-wicked-aqua-60-ml/,57786,True,/oralni,/,Структура сайту,Оральні лубриканти,4,1112,1,78,29,2025-08-20T22:24:23.100942,super_optimized_evaluate_all_with_inputs
page_1_879_url_30,879,/sedobnyi-hel-lubrykant-egzo-aroma-gel-yabloko-s-korytsei-50-ml/,57787,True,/oralni,/,Структура сайту,Оральні лубриканти,4,1112,1,78,30,2025-08-20T22:24:23.100943,super_optimized_evaluate_all_with_inputs
page_1_879_url_31,879,/sedobnyi-hel-lubrykant-egzo-aroma-gel-shokolad-50-ml/,57790,True,/oralni,/,Структура сайту,Оральні лубриканти,4,1112,1,78,31,2025-08-20T22:24:23.100944,super_optimized_evaluate_all_with_inputs
page_1_879_url_32,879,/sedobnyi-lubrykantwetflavoredjuicywatermelonsochnyi-arbuz-89-ml/,57791,True,/oralni,/,Структура сайту,Оральні лубриканти,4,1112,1,78,32,2025-08-20T22:24:23.100946,super_optimized_evaluate_all_with_inputs
page_1_879_url_33,879,/lubrykant-na-sylykolnovoi-osnove-wet-based-lubricant-unflavored-sex-lube-178-ml/,57797,True,/oralni,/,Структура сайту,Оральні лубриканти,4,1112,1,78,33,2025-08-20T22:24:23.100947,super_optimized_evaluate_all_with_inputs
page_1_879_url_34,879,/yistivnyi-lubrykant-4-v-1navodniiosnoviwetfunpassionpunch30ml/,57798,True,/oralni,/,Структура сайту,Оральні лубриканти,4,1112,1,78,34,2025-08-20T22:24:23.100948,super_optimized_evaluate_all_with_inputs
page_1_879_url_35,879,/lubrykant-s-aromatom-vanyly-waterglide-300-ml-vanilla-icecream-sht/,57802,True,/oralni,/,Структура сайту,Оральні лубриканти,4,1112,1,78,35,2025-08-20T22:24:23.100950,super_optimized_evaluate_all_with_inputs
page_1_879_url_36,879,/sedobnoe-maslo-dlia-tela-shiatsu-kokos-y-ananas-75ml/,57810,True,/oralni,/,Структура сайту,Оральні лубриканти,4,1112,1,78,36,2025-08-20T22:24:23.100951,super_optimized_evaluate_all_with_inputs
page_1_879_url_37,879,/sedobnyi-lubrykant-4-v-1-wet-warming-desserts-baked-gooey-chocolate-30-ml/,57811,True,/oralni,/,Структура сайту,Оральні лубриканти,4,1112,1,78,37,2025-08-20T22:24:23.100952,super_optimized_evaluate_all_with_inputs
page_1_879_url_38,879,/sedobnyi-lubrykant-so-vkusom-arbuza-wicked-aqua-watermelon-flavored-120ml/,57813,True,/oralni,/,Структура сайту,Оральні лубриканти,4,1112,1,78,38,2025-08-20T22:24:23.100954,super_optimized_evaluate_all_with_inputs
page_1_879_url_39,879,/wt43075-sedobnyi-lubrykant-4-v-1navodnoiosnovewetfunarbuz30ml/,57817,True,/oralni,/,Структура сайту,Оральні лубриканти,4,1112,1,78,39,2025-08-20T22:24:23.100955,super_optimized_evaluate_all_with_inputs
page_1_879_url_40,879,/sedobnyi-lubrykant-wet-turn-on-yummy-cupcake-flavored-178-ml/,57821,True,/oralni,/,Структура сайту,Оральні лубриканти,4,1112,1,78,40,2025-08-20T22:24:23.100956,super_optimized_evaluate_all_with_inputs
page_1_879_url_41,879,/lubrykant-na-sylykonovoi-osnove-wet-turn-on-unflavored-silicone-lube-118-ml/,57825,True,/oralni,/,Структура сайту,Оральні лубриканти,4,1112,1,78,41,2025-08-20T22:24:23.100958,super_optimized_evaluate_all_with_inputs
page_1_879_url_42,879,/sedobnyi-lubrykant-wet-desserts-salted-caramel-solenaia-karamel-30ml/,57826,True,/oralni,/,Структура сайту,Оральні лубриканти,4,1112,1,78,42,2025-08-20T22:24:23.100959,super_optimized_evaluate_all_with_inputs
page_1_879_url_43,879,/lubrykant-s-aromatom-vyshnia-waterglide-fruity-cherry.-300-ml/,57827,True,/oralni,/,Структура сайту,Оральні лубриканти,4,1112,1,78,43,2025-08-20T22:24:23.100960,super_optimized_evaluate_all_with_inputs
page_1_879_url_44,879,/sprei-dlia-oralnoho-seksu-orgie-wow-polunytsia-z-lodom/item/blesk-dlya-gub-dlya-oralnogo-seksa-s-effektom-vibraczii-sexy-vibe-orgie-21340/,57831,True,/oralni,/,Структура сайту,Оральні лубриканти,4,1112,1,78,44,2025-08-20T22:24:23.100962,super_optimized_evaluate_all_with_inputs
page_1_879_url_45,879,/sedobnyi-lubrykant-na-vodnoi-osnove-hot-superglide-spelaia-vyshnia-75-ml/,57833,True,/oralni,/,Структура сайту,Оральні лубриканти,4,1112,1,78,45,2025-08-20T22:24:23.100963,super_optimized_evaluate_all_with_inputs
page_1_879_url_46,879,/ru/lubrykant-na-sylykonovoi-osnove-wet-turn-on-unflavored-silicone-lube-118-ml/,57835,True,/oralni,/,Структура сайту,Оральні лубриканти,4,1112,1,78,46,2025-08-20T22:24:23.100964,super_optimized_evaluate_all_with_inputs
page_1_879_url_47,879,/sedobnyi-lubrykant-na-vodnoi-osnove-hot-superglide-aromatnyi-kokos-75-ml/,57874,True,/oralni,/,Структура сайту,Оральні лубриканти,4,1112,1,78,47,2025-08-20T22:24:23.100965,super_optimized_evaluate_all_with_inputs
page_1_879_url_48,879,/ru/sedobnyi-lubrykant-4-v-1-wet-warming-desserts-baked-gooey-chocolate-chip-cookie-89-ml/,57875,True,/oralni,/,Структура сайту,Оральні лубриканти,4,1112,1,78,48,2025-08-20T22:24:23.100967,super_optimized_evaluate_all_with_inputs
page_1_879_url_49,879,/ru/sedobnyi-lubrykant-na-vodnoi-osnove-hot-superglide-aromatnyi-kokos-75-ml/,57876,True,/oralni,/,Структура сайту,Оральні лубриканти,4,1112,1,78,49,2025-08-20T22:24:23.100968,super_optimized_evaluate_all_with_inputs
page_1_879_url_50,879,/ru/sedobnyi-lubrykant-so-vkusom-chernychnoho-maffyna-wicked-aqua-60-ml/,57899,True,/oralni,/,Структура сайту,Оральні лубриканти,4,1112,1,78,50,2025-08-20T22:24:23.100970,super_optimized_evaluate_all_with_inputs
page_1_879_url_51,879,/ru/sedobnyi-hel-lubrykant-egzo-aroma-gel-shokolad-50-ml/,57912,True,/oralni,/,Структура сайту,Оральні лубриканти,4,1112,1,78,51,2025-08-20T22:24:23.100971,super_optimized_evaluate_all_with_inputs
page_1_879_url_52,879,/probnyk-blysku-dlia-hub-z-vibratsiieiu-orgie-electric-fellatio/,57914,True,/oralni,/,Структура сайту,Оральні лубриканти,4,1112,1,78,52,2025-08-20T22:24:23.100972,super_optimized_evaluate_all_with_inputs
page_1_879_url_53,879,/ru/sedobnyi-lubrykant-so-vkusom-arbuza-wicked-aqua-watermelon-flavored-120ml/,57917,True,/oralni,/,Структура сайту,Оральні лубриканти,4,1112,1,78,53,2025-08-20T22:24:23.100974,super_optimized_evaluate_all_with_inputs
page_1_879_url_54,879,/ru/sedobnyi-lubrykant-wicked-aqua-watermelon-flavored-30ml/,57928,True,/oralni,/,Структура сайту,Оральні лубриканти,4,1112,1,78,54,2025-08-20T22:24:23.100975,super_optimized_evaluate_all_with_inputs
page_1_879_url_55,879,/ru/yistivnyi-lubrykant-shiatsu-love/767/,57940,True,/oralni,/,Структура сайту,Оральні лубриканти,4,1112,1,78,55,2025-08-20T22:24:23.100976,super_optimized_evaluate_all_with_inputs
page_1_879_url_56,879,/ru/sedobnaia-pudra-kamasutra-honey-dust-tropical-mango-170ml/,57945,True,/oralni,/,Структура сайту,Оральні лубриканти,4,1112,1,78,56,2025-08-20T22:24:23.100977,super_optimized_evaluate_all_with_inputs
page_1_880_url_0,880,/analnyi-lubrykant-boo-waterbased-lubricant-anal-150-ml/,20232,True,/analni-lubrykanty,/,Структура сайту,Анальні лубриканти,4,1113,1,79,0,2025-08-20T22:24:23.100979,super_optimized_evaluate_all_with_inputs
page_1_880_url_1,880,/analnyi-sprei-lubrykant-boo-anal-desensitizer-unisex-50-ml/,20234,True,/analni-lubrykanty,/,Структура сайту,Анальні лубриканти,4,1113,1,79,1,2025-08-20T22:24:23.100981,super_optimized_evaluate_all_with_inputs
page_1_880_url_2,880,/lubrykant-analnyi-boo-silicone-lubricant-anal-50ml/,20238,True,/analni-lubrykanty,/,Структура сайту,Анальні лубриканти,4,1113,1,79,2,2025-08-20T22:24:23.100982,super_optimized_evaluate_all_with_inputs
page_1_880_url_3,880,/analnyi-lubrykant-na-vodnii-osnovi-exxtreme-glide-100-ml/,20239,True,/analni-lubrykanty,/,Структура сайту,Анальні лубриканти,4,1113,1,79,3,2025-08-20T22:24:23.100983,super_optimized_evaluate_all_with_inputs
page_1_880_url_4,880,/analnyi-lubrykant-na-vodnii-osnovi-wicked-jelle-anal-lubricant-240ml/,20246,True,/analni-lubrykanty,/,Структура сайту,Анальні лубриканти,4,1113,1,79,4,2025-08-20T22:24:23.100985,super_optimized_evaluate_all_with_inputs
page_1_880_url_5,880,/lubrykant-analnyi-waterglide-300-ml-anal/,20329,True,/analni-lubrykanty,/,Структура сайту,Анальні лубриканти,4,1113,1,79,5,2025-08-20T22:24:23.100986,super_optimized_evaluate_all_with_inputs
page_1_880_url_6,880,/analnyi-lubrykant-boo-waterbased-lubricant-anal-50-ml/,20339,True,/analni-lubrykanty,/,Структура сайту,Анальні лубриканти,4,1113,1,79,6,2025-08-20T22:24:23.100987,super_optimized_evaluate_all_with_inputs
page_1_880_url_7,880,/analnyilubrykantnavodniiosnovieasyglide500ml/,20364,True,/analni-lubrykanty,/,Структура сайту,Анальні лубриканти,4,1113,1,79,7,2025-08-20T22:24:23.100988,super_optimized_evaluate_all_with_inputs
page_1_880_url_8,880,/sprei-analnyi-rasslabliaiushchyi-shiatsu-anal-relax-spray-50-ml/,20365,True,/analni-lubrykanty,/,Структура сайту,Анальні лубриканти,4,1113,1,79,8,2025-08-20T22:24:23.100990,super_optimized_evaluate_all_with_inputs
page_1_880_url_9,880,/analnyi-sprei-back-side-spray-50-ml/,20396,True,/analni-lubrykanty,/,Структура сайту,Анальні лубриканти,4,1113,1,79,9,2025-08-20T22:24:23.100991,super_optimized_evaluate_all_with_inputs
page_1_880_url_10,880,/analnyi-lubrykant-na-vodnii-osnovi-boo-anal-relax-150m/,20427,True,/analni-lubrykanty,/,Структура сайту,Анальні лубриканти,4,1113,1,79,10,2025-08-20T22:24:23.100992,super_optimized_evaluate_all_with_inputs
page_1_880_url_11,880,/analnyi-lubrykant-na-vodnii-osnovi-exxtreme-glide-30-ml/,20864,True,/analni-lubrykanty,/,Структура сайту,Анальні лубриканти,4,1113,1,79,11,2025-08-20T22:24:23.100994,super_optimized_evaluate_all_with_inputs
page_1_880_url_12,880,/\/analnyi-lubrykant-na-vodnii-osnovi-exxtreme-glide-30-ml/,20866,True,/analni-lubrykanty,/,Структура сайту,Анальні лубриканти,4,1113,1,79,12,2025-08-20T22:24:23.100995,super_optimized_evaluate_all_with_inputs
page_1_880_url_13,880,/rasslabliaiushchyi-analnyi-krem-ero-backside-anal-relax-cream-50-ml/,20895,True,/analni-lubrykanty,/,Структура сайту,Анальні лубриканти,4,1113,1,79,13,2025-08-20T22:24:23.100996,super_optimized_evaluate_all_with_inputs
page_1_880_url_14,880,/analnyi-lubrykant-z-efektom-okholodzhennia-wicked-jelle-chill-anal-lubricant-120ml/,20927,True,/analni-lubrykanty,/,Структура сайту,Анальні лубриканти,4,1113,1,79,14,2025-08-20T22:24:23.100998,super_optimized_evaluate_all_with_inputs
page_1_880_url_15,880,/analnyi-lubrykant-na-vodnii-osnovi-hot-bio-lubricant-superglide-anal-100-ml/,20997,True,/analni-lubrykanty,/,Структура сайту,Анальні лубриканти,4,1113,1,79,15,2025-08-20T22:24:23.100999,super_optimized_evaluate_all_with_inputs
page_1_880_url_16,880,/suzhaiushchyi-analnyi-krem-ero-backside-anal-tightening-cream-50-ml/,21076,True,/analni-lubrykanty,/,Структура сайту,Анальні лубриканти,4,1113,1,79,16,2025-08-20T22:24:23.101000,super_optimized_evaluate_all_with_inputs
page_1_880_url_17,880,/analni-lubrykanty,24818,True,/analni-lubrykanty,/,Структура сайту,Анальні лубриканти,4,1113,1,79,17,2025-08-20T22:24:23.101002,super_optimized_evaluate_all_with_inputs
page_1_880_url_18,880,/analnyi-lubrykant-na-vodnii-osnovi-oyo-personal-gel-aloe-50-ml/,57734,True,/analni-lubrykanty,/,Структура сайту,Анальні лубриканти,4,1113,1,79,18,2025-08-20T22:24:23.101003,super_optimized_evaluate_all_with_inputs
page_1_880_url_19,880,/analnyi-sylikonovyi-lubrykant-egzo-silicone-hey-50-ml/,57737,True,/analni-lubrykanty,/,Структура сайту,Анальні лубриканти,4,1113,1,79,19,2025-08-20T22:24:23.101004,super_optimized_evaluate_all_with_inputs
page_1_880_url_20,880,/lubrykant-analnyi-na-vodnii-osnovi-shiatsu-love-glide/,57751,True,/analni-lubrykanty,/,Структура сайту,Анальні лубриканти,4,1113,1,79,20,2025-08-20T22:24:23.101006,super_optimized_evaluate_all_with_inputs
page_1_880_url_21,880,/ukhazhyvaiushchyi-analnyi-krem-hot-ero-anal-backside-creme-50-ml/,57758,True,/analni-lubrykanty,/,Структура сайту,Анальні лубриканти,4,1113,1,79,21,2025-08-20T22:24:23.101007,super_optimized_evaluate_all_with_inputs
page_1_880_url_22,880,/analnyi-hel-lubrykant-egzo-hey-z-aromatom-banana-100-ml/,57795,True,/analni-lubrykanty,/,Структура сайту,Анальні лубриканти,4,1113,1,79,22,2025-08-20T22:24:23.101008,super_optimized_evaluate_all_with_inputs
page_1_880_url_23,880,/analnyi-lubrykant-easyglide-na-vodnii-osnovi-150-ml./,57814,True,/analni-lubrykanty,/,Структура сайту,Анальні лубриканти,4,1113,1,79,23,2025-08-20T22:24:23.101010,super_optimized_evaluate_all_with_inputs
page_1_880_url_24,880,/lubrykant-analnyi-easyglide-anal-lubricant-150-ml/,57818,True,/analni-lubrykanty,/,Структура сайту,Анальні лубриканти,4,1113,1,79,24,2025-08-20T22:24:23.101011,super_optimized_evaluate_all_with_inputs
page_1_880_url_25,880,/analnyi-hel-lubrykant-egzo-hey-z-aromatom-banana-50-ml/,57829,True,/analni-lubrykanty,/,Структура сайту,Анальні лубриканти,4,1113,1,79,25,2025-08-20T22:24:23.101013,super_optimized_evaluate_all_with_inputs
page_1_880_url_26,880,/ru/hel-dlia-analnoi-stymuliatsii-slow-sex-by-bijoux-indiscrets-anal-play/,57868,True,/analni-lubrykanty,/,Структура сайту,Анальні лубриканти,4,1113,1,79,26,2025-08-20T22:24:23.101014,super_optimized_evaluate_all_with_inputs
page_1_880_url_27,880,/analnyi-lubrykant-na-vodnii-osnovi-anal-superglide-100-ml/,57872,True,/analni-lubrykanty,/,Структура сайту,Анальні лубриканти,4,1113,1,79,27,2025-08-20T22:24:23.101015,super_optimized_evaluate_all_with_inputs
page_1_880_url_28,880,/ru/analnyi-hel-lubrykant-egzo-hey-z-aromatom-banana-100-ml/,57901,True,/analni-lubrykanty,/,Структура сайту,Анальні лубриканти,4,1113,1,79,28,2025-08-20T22:24:23.101017,super_optimized_evaluate_all_with_inputs
page_1_880_url_29,880,/ru/lubrykant-justglideanal200ml/,57938,True,/analni-lubrykanty,/,Структура сайту,Анальні лубриканти,4,1113,1,79,29,2025-08-20T22:24:23.101018,super_optimized_evaluate_all_with_inputs
page_1_880_url_30,880,/ru/analnyi-lubrykant-na-vodnii-osnove-oyo-personal-gel-pantenol-50-ml/,57946,True,/analni-lubrykanty,/,Структура сайту,Анальні лубриканти,4,1113,1,79,30,2025-08-20T22:24:23.101019,super_optimized_evaluate_all_with_inputs
page_1_880_url_31,880,/ru/analnyi-lubrykant-na-vodnii-osnovi-oyo-personal-gel-pantenol-50-ml/,57957,True,/analni-lubrykanty,/,Структура сайту,Анальні лубриканти,4,1113,1,79,31,2025-08-20T22:24:23.101021,super_optimized_evaluate_all_with_inputs
page_1_881_url_0,881,/tenga,24819,True,/tenga,/,Бренди,Tenga,349,106,1,80,0,2025-08-20T22:24:23.101022,super_optimized_evaluate_all_with_inputs
page_1_882_url_0,882,/dream-toys,24820,True,/dream-toys,/,Бренди,Dream Toys,349,107,1,81,0,2025-08-20T22:24:23.101026,super_optimized_evaluate_all_with_inputs
page_1_883_url_0,883,/lovense,24821,True,/lovense,/,Бренди,Lovense,349,108,1,82,0,2025-08-20T22:24:23.101028,super_optimized_evaluate_all_with_inputs
page_1_884_url_0,884,/exs,24822,True,/exs,/,Структура сайту,Презервативи EXS,4,1114,1,83,0,2025-08-20T22:24:23.101029,super_optimized_evaluate_all_with_inputs
page_1_885_url_0,885,/pasante,24823,True,/pasante,/,Структура сайту,Презервативи Pasante,4,1115,1,84,0,2025-08-20T22:24:23.101031,super_optimized_evaluate_all_with_inputs
page_1_886_url_0,886,/oralni-prezervatyvy,24824,True,/oralni-prezervatyvy,/,Структура сайту,Оральні презервативи,4,1116,1,85,0,2025-08-20T22:24:23.101032,super_optimized_evaluate_all_with_inputs
page_1_887_url_0,887,/bijoux-indiscrets-sex-au-naturel-personal-massager,24825,True,/bijoux-indiscrets-sex-au-naturel-personal-massager,/,КАТАЛОГ,Кліторальний стимулятор Bijoux Indiscrets Sex au Naturel — Personal Massager,17,513,1,86,0,2025-08-20T22:24:23.101034,super_optimized_evaluate_all_with_inputs
page_1_889_url_0,889,/prezervatyvy-z-velykoiu-kilkistiu-zmazky-one-super-sensitive,24826,True,/prezervatyvy-z-velykoiu-kilkistiu-zmazky-one-super-sensitive,/,КАТАЛОГ,Презервативи з великою кількістю змазки ONE Super Sensitive,17,515,1,87,0,2025-08-20T22:24:23.101036,super_optimized_evaluate_all_with_inputs
page_1_891_url_0,891,/kolorovi-prezervatyvy-one-color-sensations,24827,True,/kolorovi-prezervatyvy-one-color-sensations,/,КАТАЛОГ,Кольорові презервативи ONE Color Sensations,17,517,1,88,0,2025-08-20T22:24:23.101037,super_optimized_evaluate_all_with_inputs
page_1_894_url_0,894,/prezervatyvy-velykoho-rozmiru-one-legend,24828,True,/prezervatyvy-velykoho-rozmiru-one-legend,/,КАТАЛОГ,Презервативи великого розміру ONE Legend,17,520,1,89,0,2025-08-20T22:24:23.101039,super_optimized_evaluate_all_with_inputs
page_1_902_url_0,902,/bezlateksni-prezervatyvy-z-velykoiu-kilkistiu-zmazky-skyn-extra-lube,24829,True,/bezlateksni-prezervatyvy-z-velykoiu-kilkistiu-zmazky-skyn-extra-lube,/,КАТАЛОГ,Безлатексні презервативи з великою кількістю змазки SKYN Extra Lube,17,528,1,90,0,2025-08-20T22:24:23.101040,super_optimized_evaluate_all_with_inputs
page_1_904_url_0,904,/bezlateksni-prezervatyvy-velykoho-rozmiru-skyn-large,24830,True,/bezlateksni-prezervatyvy-velykoho-rozmiru-skyn-large,/,КАТАЛОГ,Безлатексні презервативи великого розміру SKYN Large,17,530,1,91,0,2025-08-20T22:24:23.101042,super_optimized_evaluate_all_with_inputs
page_1_907_url_0,907,/ultratonki-prezervatyvy-pasante-sensitive-feel,24831,True,/ultratonki-prezervatyvy-pasante-sensitive-feel,/,КАТАЛОГ,Ультратонкі презервативи Pasante Sensitive Feel,17,533,1,92,0,2025-08-20T22:24:23.101044,super_optimized_evaluate_all_with_inputs
page_1_913_url_0,913,/prezervatyvy-dlia-zakokhanykh-exs-love-heart,24832,True,/prezervatyvy-dlia-zakokhanykh-exs-love-heart,/,КАТАЛОГ,Презервативи для закоханих EXS Love Heart,17,539,1,93,0,2025-08-20T22:24:23.101046,super_optimized_evaluate_all_with_inputs
page_1_932_url_0,932,/upakovka-3sht-one-super-sensitive,24833,True,/upakovka-3sht-one-super-sensitive,/,КАТАЛОГ,Упаковка 3шт ONE Super Sensitive,17,558,1,94,0,2025-08-20T22:24:23.101047,super_optimized_evaluate_all_with_inputs
page_1_934_url_0,934,/upakovka-3sht-one-tattoo-touch,24834,True,/upakovka-3sht-one-tattoo-touch,/,КАТАЛОГ,Упаковка 3шт One Tattoo Touch,17,560,1,95,0,2025-08-20T22:24:23.101049,super_optimized_evaluate_all_with_inputs
page_1_936_url_0,936,/upakovka-3sht-one-mixed-pleasures,24835,True,/upakovka-3sht-one-mixed-pleasures,/,КАТАЛОГ,Упаковка 3шт ONE Mixed Pleasures,17,562,1,96,0,2025-08-20T22:24:23.101051,super_optimized_evaluate_all_with_inputs
page_1_937_url_0,937,/upakovka-12sht-one-super-sensitive,24836,True,/upakovka-12sht-one-super-sensitive,/,КАТАЛОГ,Упаковка 12шт ONE Super Sensitive,17,563,1,97,0,2025-08-20T22:24:23.101052,super_optimized_evaluate_all_with_inputs
page_1_938_url_0,938,/upakovka-12sht-one-super-studs,24837,True,/upakovka-12sht-one-super-studs,/,КАТАЛОГ,Упаковка 12шт ONE Super Studs,17,564,1,98,0,2025-08-20T22:24:23.101054,super_optimized_evaluate_all_with_inputs
page_1_939_url_0,939,/upakovka-12sht-one-flavor-waves,24838,True,/upakovka-12sht-one-flavor-waves,/,КАТАЛОГ,Упаковка 12шт ONE Flavor Waves,17,565,1,99,0,2025-08-20T22:24:23.101055,super_optimized_evaluate_all_with_inputs
page_1_940_url_0,940,/upakovka-12sht-one-pleasure-plus,24839,True,/upakovka-12sht-one-pleasure-plus,/,КАТАЛОГ,Упаковка 12шт ONE Pleasure Plus,17,566,1,100,0,2025-08-20T22:24:23.101057,super_optimized_evaluate_all_with_inputs
page_1_942_url_0,942,/upakovka-10sht-one-ultrafeel,24840,True,/upakovka-10sht-one-ultrafeel,/,КАТАЛОГ,Упаковка 10шт ONE UltraFeel,17,568,1,101,0,2025-08-20T22:24:23.101058,super_optimized_evaluate_all_with_inputs
page_1_943_url_0,943,/upakovka-12sht-one-tattoo-touch,24841,True,/upakovka-12sht-one-tattoo-touch,/,КАТАЛОГ,Упаковка 12шт ONE Tattoo Touch,17,569,1,102,0,2025-08-20T22:24:23.101060,super_optimized_evaluate_all_with_inputs
page_1_945_url_0,945,/upakovka-24sht-one-mixed-pleasures,24842,True,/upakovka-24sht-one-mixed-pleasures,/,КАТАЛОГ,Упаковка 24шт ONE Mixed Pleasures,17,571,1,103,0,2025-08-20T22:24:23.101062,super_optimized_evaluate_all_with_inputs
page_1_946_url_0,946,/upakovka-24sht-one-premium-pleasures,24843,True,/upakovka-24sht-one-premium-pleasures,/,КАТАЛОГ,Упаковка 24шт ONE Premium Pleasures,17,572,1,104,0,2025-08-20T22:24:23.101063,super_optimized_evaluate_all_with_inputs
page_1_947_url_0,947,/upakovka-40sht-one-vanish,24844,True,/upakovka-40sht-one-vanish,/,КАТАЛОГ,Упаковка 40шт ONE Vanish,17,573,1,105,0,2025-08-20T22:24:23.101065,super_optimized_evaluate_all_with_inputs
page_1_950_url_0,950,/upakovka-100sht-one-vanish,24845,True,/upakovka-100sht-one-vanish,/,КАТАЛОГ,Упаковка 100шт ONE Vanish,17,576,1,106,0,2025-08-20T22:24:23.101066,super_optimized_evaluate_all_with_inputs
page_1_952_url_0,952,/upakovka-100sht-one-tattoo-touch,24846,True,/upakovka-100sht-one-tattoo-touch,/,КАТАЛОГ,Упаковка 100шт ONE Tattoo Touch,17,578,1,107,0,2025-08-20T22:24:23.101068,super_optimized_evaluate_all_with_inputs
page_1_954_url_0,954,/upakovka-3sht-trojan-charged,24847,True,/upakovka-3sht-trojan-charged,/,КАТАЛОГ,Упаковка 3шт Trojan Charged,17,580,1,108,0,2025-08-20T22:24:23.101070,super_optimized_evaluate_all_with_inputs
page_1_957_url_0,957,/upakovka-3sht-trojan-double-ecstasy,24848,True,/upakovka-3sht-trojan-double-ecstasy,/,КАТАЛОГ,Упаковка 3шт Trojan Double Ecstasy,17,583,1,109,0,2025-08-20T22:24:23.101071,super_optimized_evaluate_all_with_inputs
page_1_959_url_0,959,/upakovka-3sht-trojan-enz-armor-spermicidal,24849,True,/upakovka-3sht-trojan-enz-armor-spermicidal,/,КАТАЛОГ,Упаковка презервативів 3шт Trojan ENZ Armor Spermicidal,17,585,1,110,0,2025-08-20T22:24:23.101073,super_optimized_evaluate_all_with_inputs
page_1_961_url_0,961,/upakovka-3sht-trojan-ultra-thin,24850,True,/upakovka-3sht-trojan-ultra-thin,/,КАТАЛОГ,Упаковка презеративів 3шт Trojan Ultra Thin,17,587,1,111,0,2025-08-20T22:24:23.101074,super_optimized_evaluate_all_with_inputs
page_1_965_url_0,965,/upakovka-24sht-trojan-bareskin-everythin,24851,True,/upakovka-24sht-trojan-bareskin-everythin,/,КАТАЛОГ,Упаковка 24шт Trojan BareSkin EveryThin,17,591,1,112,0,2025-08-20T22:24:23.101076,super_optimized_evaluate_all_with_inputs
page_1_966_url_0,966,/upakovka-24sht-trojan-nirvana,24852,True,/upakovka-24sht-trojan-nirvana,/,КАТАЛОГ,Упаковка 24шт Trojan Nirvana,17,592,1,113,0,2025-08-20T22:24:23.101077,super_optimized_evaluate_all_with_inputs
page_1_967_url_0,967,/upakovka-36sht-trojan-pleasure-pack,24853,True,/upakovka-36sht-trojan-pleasure-pack,/,КАТАЛОГ,Упаковка 36шт Trojan Pleasure Pack,17,593,1,114,0,2025-08-20T22:24:23.101079,super_optimized_evaluate_all_with_inputs
page_1_968_url_0,968,/upakovka-40sht-trojan-enz-lubricated,24854,True,/upakovka-40sht-trojan-enz-lubricated,/,КАТАЛОГ,Упаковка 40шт Trojan ENZ Lubricated,17,594,1,115,0,2025-08-20T22:24:23.101081,super_optimized_evaluate_all_with_inputs
page_1_973_url_0,973,/upakovka-10sht-skyn-extra-lube,24855,True,/upakovka-10sht-skyn-extra-lube,/,КАТАЛОГ,Упаковка 10шт SKYN Extra Lube,17,599,1,116,0,2025-08-20T22:24:23.101082,super_optimized_evaluate_all_with_inputs
page_1_974_url_0,974,/upakovka-14sht-skyn-unknown-pleasures,24856,True,/upakovka-14sht-skyn-unknown-pleasures,/,КАТАЛОГ,Упаковка 14шт SKYN Unknown Pleasures,17,600,1,117,0,2025-08-20T22:24:23.101084,super_optimized_evaluate_all_with_inputs
page_1_977_url_0,977,/upakovka-24sht-skyn-selection,24857,True,/upakovka-24sht-skyn-selection,/,КАТАЛОГ,Упаковка 24шт SKYN Selection,17,603,1,118,0,2025-08-20T22:24:23.101085,super_optimized_evaluate_all_with_inputs
page_1_978_url_0,978,/upakovka-35sht-skyn-selection,24858,True,/upakovka-35sht-skyn-selection,/,КАТАЛОГ,Упаковка 35шт SKYN Selection,17,604,1,119,0,2025-08-20T22:24:23.101087,super_optimized_evaluate_all_with_inputs
page_1_979_url_0,979,/upakovka-42sht-skyn-unknown-pleasures,24859,True,/upakovka-42sht-skyn-unknown-pleasures,/,КАТАЛОГ,Упаковка 42шт SKYN Unknown Pleasures,17,605,1,120,0,2025-08-20T22:24:23.101088,super_optimized_evaluate_all_with_inputs
page_1_982_url_0,982,/upakovka-36sht-skyn-large,24860,True,/upakovka-36sht-skyn-large,/,КАТАЛОГ,Упаковка 36шт SKYN Large,17,608,1,121,0,2025-08-20T22:24:23.101090,super_optimized_evaluate_all_with_inputs
page_1_983_url_0,983,/upakovka-24sht-kimono-microthin,24861,True,/upakovka-24sht-kimono-microthin,/,КАТАЛОГ,Упаковка презервативів 24шт Kimono MicroThin,17,609,1,122,0,2025-08-20T22:24:23.101092,super_optimized_evaluate_all_with_inputs
page_1_984_url_0,984,/upakovka-24sht-kimono-microthin-plus,24862,True,/upakovka-24sht-kimono-microthin-plus,/,КАТАЛОГ,Упаковка 24шт Kimono MicroThin Plus,17,610,1,123,0,2025-08-20T22:24:23.101093,super_optimized_evaluate_all_with_inputs
page_1_985_url_0,985,/upakovka-24sht-kimono-microthin-sheer-variety-pack,24863,True,/upakovka-24sht-kimono-microthin-sheer-variety-pack,/,КАТАЛОГ,Упаковка презервативів 24шт Kimono MicroThin Sheer Variety Pack,17,611,1,124,0,2025-08-20T22:24:23.101095,super_optimized_evaluate_all_with_inputs
page_1_987_url_0,987,/upakovka-24sht-004,24864,True,/upakovka-24sht-004,/,КАТАЛОГ,Упаковка 24шт 004,17,613,1,125,0,2025-08-20T22:24:23.101096,super_optimized_evaluate_all_with_inputs
page_1_988_url_0,988,/upakovka-2sht-poliuretanovykh-prezervatyviv-sagami-002,24865,True,/upakovka-2sht-poliuretanovykh-prezervatyviv-sagami-002,/,КАТАЛОГ,Упаковка 2шт поліуретанових презервативів Sagami 002,17,614,1,126,0,2025-08-20T22:24:23.101098,super_optimized_evaluate_all_with_inputs
page_1_989_url_0,989,/upakovka-10sht-fair-squared-single-lover-mix,24866,True,/upakovka-10sht-fair-squared-single-lover-mix,/,КАТАЛОГ,Упаковка 10шт Fair Squared Single: Love*r Mix,17,615,1,127,0,2025-08-20T22:24:23.101100,super_optimized_evaluate_all_with_inputs
page_1_990_url_0,990,/upakovka-36sht-nadtonkykh-prezervatyviv-velykoho-rozmiru-lelo-hex,24867,True,/upakovka-36sht-nadtonkykh-prezervatyviv-velykoho-rozmiru-lelo-hex,/,КАТАЛОГ,Упаковка 36шт надтонких презервативів великого розміру Lelo Hex,17,616,1,128,0,2025-08-20T22:24:23.101101,super_optimized_evaluate_all_with_inputs
page_1_991_url_0,991,/upakovka-36sht-nadtonkykh-prezervatyviv-lelo-hex,24868,True,/upakovka-36sht-nadtonkykh-prezervatyviv-lelo-hex,/,КАТАЛОГ,Упаковка 36шт надтонких презервативів Lelo Hex,17,617,1,129,0,2025-08-20T22:24:23.101103,super_optimized_evaluate_all_with_inputs
page_1_993_url_0,993,/upakovka-42sht-prezervatyviv-riznoho-rozmiru-loovara/619,552,True,/upakovka-42sht-prezervatyviv-riznoho-rozmiru-loovara-49mm,/,КАТАЛОГ,"Упаковка 42шт презервативів різного розміру Loovara, 49мм",17,619,1,130,0,2025-08-20T22:24:23.101104,super_optimized_evaluate_all_with_inputs
page_1_993_url_1,993,/upakovka-42sht-prezervatyviv-riznoho-rozmiru-loovara/619/,23607,True,/upakovka-42sht-prezervatyviv-riznoho-rozmiru-loovara-49mm,/,КАТАЛОГ,"Упаковка 42шт презервативів різного розміру Loovara, 49мм",17,619,1,130,1,2025-08-20T22:24:23.101106,super_optimized_evaluate_all_with_inputs
page_1_993_url_2,993,/upakovka-42sht-prezervatyviv-riznoho-rozmiru-loovara-49mm,24869,True,/upakovka-42sht-prezervatyviv-riznoho-rozmiru-loovara-49mm,/,КАТАЛОГ,"Упаковка 42шт презервативів різного розміру Loovara, 49мм",17,619,1,130,2,2025-08-20T22:24:23.101107,super_optimized_evaluate_all_with_inputs
page_1_994_url_0,994,/upakovka-42sht-prezervatyviv-riznoho-rozmiru-loovara/620,553,True,/upakovka-42sht-prezervatyviv-riznoho-rozmiru-loovara-53mm,/,КАТАЛОГ,"Упаковка 42шт презервативів різного розміру Loovara, 53мм",17,620,1,131,0,2025-08-20T22:24:23.101109,super_optimized_evaluate_all_with_inputs
page_1_994_url_1,994,/upakovka-42sht-prezervatyviv-riznoho-rozmiru-loovara/620/,23255,True,/upakovka-42sht-prezervatyviv-riznoho-rozmiru-loovara-53mm,/,КАТАЛОГ,"Упаковка 42шт презервативів різного розміру Loovara, 53мм",17,620,1,131,1,2025-08-20T22:24:23.101110,super_optimized_evaluate_all_with_inputs
page_1_994_url_2,994,/upakovka-42sht-prezervatyviv-riznoho-rozmiru-loovara-53mm,24870,True,/upakovka-42sht-prezervatyviv-riznoho-rozmiru-loovara-53mm,/,КАТАЛОГ,"Упаковка 42шт презервативів різного розміру Loovara, 53мм",17,620,1,131,2,2025-08-20T22:24:23.101111,super_optimized_evaluate_all_with_inputs
page_1_996_url_0,996,/upakovka-42sht-prezervatyviv-riznoho-rozmiru-loovara/622,555,True,/upakovka-42sht-prezervatyviv-riznoho-rozmiru-loovara-60mm,/,КАТАЛОГ,"Упаковка 42шт презервативів різного розміру Loovara, 60мм",17,622,1,132,0,2025-08-20T22:24:23.101113,super_optimized_evaluate_all_with_inputs
page_1_996_url_1,996,/upakovka-42sht-prezervatyviv-riznoho-rozmiru-loovara/622/,23611,True,/upakovka-42sht-prezervatyviv-riznoho-rozmiru-loovara-60mm,/,КАТАЛОГ,"Упаковка 42шт презервативів різного розміру Loovara, 60мм",17,622,1,132,1,2025-08-20T22:24:23.101114,super_optimized_evaluate_all_with_inputs
page_1_996_url_2,996,/upakovka-42sht-prezervatyviv-riznoho-rozmiru-loovara-60mm,24871,True,/upakovka-42sht-prezervatyviv-riznoho-rozmiru-loovara-60mm,/,КАТАЛОГ,"Упаковка 42шт презервативів різного розміру Loovara, 60мм",17,622,1,132,2,2025-08-20T22:24:23.101116,super_optimized_evaluate_all_with_inputs
page_1_997_url_0,997,/upakovka-42sht-prezervatyviv-riznoho-rozmiru-loovara/623,556,True,/upakovka-42sht-prezervatyviv-riznoho-rozmiru-loovara-64mm,/,КАТАЛОГ,"Упаковка 42шт презервативів різного розміру Loovara, 64мм",17,623,1,133,0,2025-08-20T22:24:23.101117,super_optimized_evaluate_all_with_inputs
page_1_997_url_1,997,/upakovka-42sht-prezervatyviv-riznoho-rozmiru-loovara/623/,23257,True,/upakovka-42sht-prezervatyviv-riznoho-rozmiru-loovara-64mm,/,КАТАЛОГ,"Упаковка 42шт презервативів різного розміру Loovara, 64мм",17,623,1,133,1,2025-08-20T22:24:23.101119,super_optimized_evaluate_all_with_inputs
page_1_997_url_2,997,/upakovka-42sht-prezervatyviv-riznoho-rozmiru-loovara-64mm,24872,True,/upakovka-42sht-prezervatyviv-riznoho-rozmiru-loovara-64mm,/,КАТАЛОГ,"Упаковка 42шт презервативів різного розміру Loovara, 64мм",17,623,1,133,2,2025-08-20T22:24:23.101120,super_optimized_evaluate_all_with_inputs
page_1_998_url_0,998,/upakovka-42sht-prezervatyviv-riznoho-rozmiru-loovara/624,557,True,/upakovka-42sht-prezervatyviv-riznoho-rozmiru-loovara-69mm,/,КАТАЛОГ,"Упаковка 42шт презервативів різного розміру Loovara, 69мм",17,624,1,134,0,2025-08-20T22:24:23.101122,super_optimized_evaluate_all_with_inputs
page_1_998_url_1,998,/upakovka-42sht-prezervatyviv-riznoho-rozmiru-loovara/624/,23259,True,/upakovka-42sht-prezervatyviv-riznoho-rozmiru-loovara-69mm,/,КАТАЛОГ,"Упаковка 42шт презервативів різного розміру Loovara, 69мм",17,624,1,134,1,2025-08-20T22:24:23.101123,super_optimized_evaluate_all_with_inputs
page_1_998_url_2,998,/upakovka-42sht-prezervatyviv-riznoho-rozmiru-loovara-69mm,24873,True,/upakovka-42sht-prezervatyviv-riznoho-rozmiru-loovara-69mm,/,КАТАЛОГ,"Упаковка 42шт презервативів різного розміру Loovara, 69мм",17,624,1,134,2,2025-08-20T22:24:23.101124,super_optimized_evaluate_all_with_inputs
page_1_999_url_0,999,/keis-iz-lohotypom-one-z-prezervatyvamy,24874,True,/keis-iz-lohotypom-one-z-prezervatyvamy,/,КАТАЛОГ,"Кейс із логотипом ONE, з презервативами, Бірюзовий",17,625,1,135,0,2025-08-20T22:24:23.101126,super_optimized_evaluate_all_with_inputs
page_1_1000_url_0,1000,/keis-dlia-prezervatyviv,24875,True,/keis-dlia-prezervatyviv,/,КАТАЛОГ,"Кейс для презервативів, Голубий",17,626,1,136,0,2025-08-20T22:24:23.101128,super_optimized_evaluate_all_with_inputs
page_1_1001_url_0,1001,/keis-dlia-prezervatyviv/627,560,True,/keis-dlia-prezervatyviv-pink,/,КАТАЛОГ,"Кейс для презервативів, Рожевий",17,627,1,137,0,2025-08-20T22:24:23.101129,super_optimized_evaluate_all_with_inputs
page_1_1001_url_1,1001,/keis-dlia-prezervatyviv/627/,22466,True,/keis-dlia-prezervatyviv-pink,/,КАТАЛОГ,"Кейс для презервативів, Рожевий",17,627,1,137,1,2025-08-20T22:24:23.101131,super_optimized_evaluate_all_with_inputs
page_1_1001_url_2,1001,/keis-dlia-prezervatyviv-pink,24876,True,/keis-dlia-prezervatyviv-pink,/,КАТАЛОГ,"Кейс для презервативів, Рожевий",17,627,1,137,2,2025-08-20T22:24:23.101132,super_optimized_evaluate_all_with_inputs
page_1_1010_url_0,1010,/lubrykant-na-vodnii-osnovi-one-oasis,24877,True,/lubrykant-na-vodnii-osnovi-one-oasis,/,КАТАЛОГ,Лубрикант на водній основі ONE Oasis,17,636,1,138,0,2025-08-20T22:24:23.101134,super_optimized_evaluate_all_with_inputs
page_1_1011_url_0,1011,/lubrykant-na-sylikonovii-osnovi-one-move,24878,True,/lubrykant-na-sylikonovii-osnovi-one-move,/,КАТАЛОГ,Лубрикант на силіконовій основі ONE Move,17,637,1,139,0,2025-08-20T22:24:23.101135,super_optimized_evaluate_all_with_inputs
page_1_1012_url_0,1012,/naturalnyi-lubrykant-na-vodnii-osnovi-lifestyles-natural,24879,True,/naturalnyi-lubrykant-na-vodnii-osnovi-lifestyles-natural,/,КАТАЛОГ,Натуральний лубрикант на водній основі Lifestyles Natural,17,638,1,140,0,2025-08-20T22:24:23.101137,super_optimized_evaluate_all_with_inputs
page_1_1013_url_0,1013,/lubrykant-na-sylikonovii-osnovi-skyn-all-night-long,24880,True,/lubrykant-na-sylikonovii-osnovi-skyn-all-night-long,/,КАТАЛОГ,Лубрикант на силіконовій основі SKYN All Night Long,17,639,1,141,0,2025-08-20T22:24:23.101139,super_optimized_evaluate_all_with_inputs
page_1_1014_url_0,1014,/zihrivaіuchyi-lubrykant-dlia-seksu-orgie-lube-tube-hot,573,True,/zihrivaiuchyi-lubrykant-dlia-seksu-orgie-lube-tube-hot,/,КАТАЛОГ,"Лубрикант з зігріваючим ефектом на водній основі LUBE TUBE HOT, 150 мл – Orgie (Бразилія-Португалія)",17,640,1,142,0,2025-08-20T22:24:23.101140,super_optimized_evaluate_all_with_inputs
page_1_1014_url_1,1014,/zihrivaіuchyi-lubrykant-dlia-seksu-orgie-lube-tube-hot/,1894,True,/zihrivaiuchyi-lubrykant-dlia-seksu-orgie-lube-tube-hot,/,КАТАЛОГ,"Лубрикант з зігріваючим ефектом на водній основі LUBE TUBE HOT, 150 мл – Orgie (Бразилія-Португалія)",17,640,1,142,1,2025-08-20T22:24:23.101142,super_optimized_evaluate_all_with_inputs
page_1_1014_url_2,1014,/zihrivaiuchyi-lubrykant-dlia-seksu-orgie-lube-tube-hot,24881,True,/zihrivaiuchyi-lubrykant-dlia-seksu-orgie-lube-tube-hot,/,КАТАЛОГ,"Лубрикант з зігріваючим ефектом на водній основі LUBE TUBE HOT, 150 мл – Orgie (Бразилія-Португалія)",17,640,1,142,2,2025-08-20T22:24:23.101143,super_optimized_evaluate_all_with_inputs
page_1_1015_url_0,1015,/okholodzhuіuchyi-lubrykant-dlia-seksu-orgie-lube-tube-cool,574,True,/okholodzhuiuchyi-lubrykant-dlia-seksu-orgie-lube-tube-cool,/,КАТАЛОГ,"Охолоджуюча змазка (лубрикант) LUBE TUBE COOL, 150 мл ORGIE (Бразилія-Португалія)",17,641,1,143,0,2025-08-20T22:24:23.101145,super_optimized_evaluate_all_with_inputs
page_1_1015_url_1,1015,/okholodzhuіuchyi-lubrykant-dlia-seksu-orgie-lube-tube-cool/,1896,True,/okholodzhuiuchyi-lubrykant-dlia-seksu-orgie-lube-tube-cool,/,КАТАЛОГ,"Охолоджуюча змазка (лубрикант) LUBE TUBE COOL, 150 мл ORGIE (Бразилія-Португалія)",17,641,1,143,1,2025-08-20T22:24:23.101146,super_optimized_evaluate_all_with_inputs
page_1_1015_url_2,1015,/okholodzhuiuchyi-lubrykant-dlia-seksu-orgie-lube-tube-cool,24882,True,/okholodzhuiuchyi-lubrykant-dlia-seksu-orgie-lube-tube-cool,/,КАТАЛОГ,"Охолоджуюча змазка (лубрикант) LUBE TUBE COOL, 150 мл ORGIE (Бразилія-Португалія)",17,641,1,143,2,2025-08-20T22:24:23.101148,super_optimized_evaluate_all_with_inputs
page_1_1016_url_0,1016,/orhanichnyi-lubrykant-z-ekstraktom-romashky-orgie-bio-chamomile,24883,True,/orhanichnyi-lubrykant-z-ekstraktom-romashky-orgie-bio-chamomile,/,КАТАЛОГ,"Органічний лубрикант з екстрактом ромашки CHAMOMILE, 100 мл, ORGIE BIO (Бразилія-Португалія)",17,642,1,144,0,2025-08-20T22:24:23.101149,super_optimized_evaluate_all_with_inputs
page_1_1017_url_0,1017,/orhanichnyi-lubrykant-z-ekstraktom-aloe-vera-orgie-bio-aloe-vera,24884,True,/orhanichnyi-lubrykant-z-ekstraktom-aloe-vera-orgie-bio-aloe-vera,/,КАТАЛОГ,"Органічний лубрикант з екстрактом алое вера ALOE VERA, 100 мл. ORGIE BIO (Бразилія-Португалія)",17,643,1,145,0,2025-08-20T22:24:23.101151,super_optimized_evaluate_all_with_inputs
page_1_1018_url_0,1018,/lubrykant-na-vodnii-osnovi-bijoux-indiscrets-sex-au-naturel-30ml,24885,True,/lubrykant-na-vodnii-osnovi-bijoux-indiscrets-sex-au-naturel-30ml,/,КАТАЛОГ,"Лубрикант на водній основі Bijoux Indiscrets Sex au Naturel, 30мл, Нейтральний",17,644,1,146,0,2025-08-20T22:24:23.101152,super_optimized_evaluate_all_with_inputs
page_1_1019_url_0,1019,/lubrykant-na-vodnii-osnovi-bijoux-indiscrets-sex-au-naturel-30ml/645,578,True,/lubrykant-na-vodnii-osnovi-bijoux-indiscrets-sex-au-naturel-30ml-coconut,/,КАТАЛОГ,"Лубрикант на водній основі Bijoux Indiscrets Sex au Naturel, 30мл, Кокос",17,645,1,147,0,2025-08-20T22:24:23.101154,super_optimized_evaluate_all_with_inputs
page_1_1019_url_1,1019,/lubrykant-na-vodnii-osnovi-bijoux-indiscrets-sex-au-naturel-30ml/645/,22512,True,/lubrykant-na-vodnii-osnovi-bijoux-indiscrets-sex-au-naturel-30ml-coconut,/,КАТАЛОГ,"Лубрикант на водній основі Bijoux Indiscrets Sex au Naturel, 30мл, Кокос",17,645,1,147,1,2025-08-20T22:24:23.101155,super_optimized_evaluate_all_with_inputs
page_1_1019_url_2,1019,/lubrykant-na-vodnii-osnovi-bijoux-indiscrets-sex-au-naturel-30ml-coconut,24886,True,/lubrykant-na-vodnii-osnovi-bijoux-indiscrets-sex-au-naturel-30ml-coconut,/,КАТАЛОГ,"Лубрикант на водній основі Bijoux Indiscrets Sex au Naturel, 30мл, Кокос",17,645,1,147,2,2025-08-20T22:24:23.101157,super_optimized_evaluate_all_with_inputs
page_1_1020_url_0,1020,/lubrykant-na-vodnii-osnovi-bijoux-indiscrets-sex-au-naturel-30ml/646,579,True,/lubrykant-na-vodnii-osnovi-bijoux-indiscrets-sex-au-naturel-30ml-aloe-vera,/,КАТАЛОГ,"Лубрикант на водній основі Bijoux Indiscrets Sex au Naturel, 30мл, Алое вера",17,646,1,148,0,2025-08-20T22:24:23.101158,super_optimized_evaluate_all_with_inputs
page_1_1020_url_1,1020,/lubrykant-na-vodnii-osnovi-bijoux-indiscrets-sex-au-naturel-30ml/646/,22510,True,/lubrykant-na-vodnii-osnovi-bijoux-indiscrets-sex-au-naturel-30ml-aloe-vera,/,КАТАЛОГ,"Лубрикант на водній основі Bijoux Indiscrets Sex au Naturel, 30мл, Алое вера",17,646,1,148,1,2025-08-20T22:24:23.101160,super_optimized_evaluate_all_with_inputs
page_1_1020_url_2,1020,/lubrykant-na-vodnii-osnovi-bijoux-indiscrets-sex-au-naturel-30ml-aloe-vera,24887,True,/lubrykant-na-vodnii-osnovi-bijoux-indiscrets-sex-au-naturel-30ml-aloe-vera,/,КАТАЛОГ,"Лубрикант на водній основі Bijoux Indiscrets Sex au Naturel, 30мл, Алое вера",17,646,1,148,2,2025-08-20T22:24:23.101161,super_optimized_evaluate_all_with_inputs
page_1_1021_url_0,1021,/lubrykant-na-vodnii-osnovi-bijoux-indiscrets-sex-au-naturel-30ml/647,580,True,/lubrykant-na-vodnii-osnovi-bijoux-indiscrets-sex-au-naturel-30ml-z-hialuronom,/,КАТАЛОГ,"Лубрикант на водній основі Bijoux Indiscrets Sex au Naturel, 30мл, З гіалуроном",17,647,1,149,0,2025-08-20T22:24:23.101163,super_optimized_evaluate_all_with_inputs
page_1_1021_url_1,1021,/lubrykant-na-vodnii-osnovi-bijoux-indiscrets-sex-au-naturel-30ml/647/,22514,True,/lubrykant-na-vodnii-osnovi-bijoux-indiscrets-sex-au-naturel-30ml-z-hialuronom,/,КАТАЛОГ,"Лубрикант на водній основі Bijoux Indiscrets Sex au Naturel, 30мл, З гіалуроном",17,647,1,149,1,2025-08-20T22:24:23.101164,super_optimized_evaluate_all_with_inputs
page_1_1021_url_2,1021,/lubrykant-na-vodnii-osnovi-bijoux-indiscrets-sex-au-naturel-30ml-z-hialuronom,24888,True,/lubrykant-na-vodnii-osnovi-bijoux-indiscrets-sex-au-naturel-30ml-z-hialuronom,/,КАТАЛОГ,"Лубрикант на водній основі Bijoux Indiscrets Sex au Naturel, 30мл, З гіалуроном",17,647,1,149,2,2025-08-20T22:24:23.101165,super_optimized_evaluate_all_with_inputs
page_1_1025_url_0,1025,/zihrivaіuchyi-lubrykant-na-vodnii-osnovi-system-jo-h2o-warming-z-ekstraktom-perechnoi-miaty,584,True,/zihrivaiuchyi-lubrykant-na-vodnii-osnovi-system-jo-h2o-warming-z-ekstraktom-perechnoi-miaty,/,КАТАЛОГ,"Зігріваючий лубрикант на водній основі System JO H2O WARMING з екстрактом перечної мʼяти, 30 мл",17,651,1,150,0,2025-08-20T22:24:23.101167,super_optimized_evaluate_all_with_inputs
page_1_1025_url_1,1025,/zihrivaіuchyi-lubrykant-na-vodnii-osnovi-system-jo-h2o-warming-z-ekstraktom-perechnoi-miaty/,1700,True,/zihrivaiuchyi-lubrykant-na-vodnii-osnovi-system-jo-h2o-warming-z-ekstraktom-perechnoi-miaty,/,КАТАЛОГ,"Зігріваючий лубрикант на водній основі System JO H2O WARMING з екстрактом перечної мʼяти, 30 мл",17,651,1,150,1,2025-08-20T22:24:23.101168,super_optimized_evaluate_all_with_inputs
page_1_1025_url_2,1025,/zihrivaiuchyi-lubrykant-na-vodnii-osnovi-shiatsu-love-glide-warming/,20273,True,/zihrivaiuchyi-lubrykant-na-vodnii-osnovi-system-jo-h2o-warming-z-ekstraktom-perechnoi-miaty,/,КАТАЛОГ,"Зігріваючий лубрикант на водній основі System JO H2O WARMING з екстрактом перечної мʼяти, 30 мл",17,651,1,150,2,2025-08-20T22:24:23.101170,super_optimized_evaluate_all_with_inputs
page_1_1025_url_3,1025,/zihrivaiuchyi-lubrykant-na-vodnii-osnovi-system-jo-h2o-warming-z-ekstraktom-perechnoi-miaty,24889,True,/zihrivaiuchyi-lubrykant-na-vodnii-osnovi-system-jo-h2o-warming-z-ekstraktom-perechnoi-miaty,/,КАТАЛОГ,"Зігріваючий лубрикант на водній основі System JO H2O WARMING з екстрактом перечної мʼяти, 30 мл",17,651,1,150,3,2025-08-20T22:24:23.101171,super_optimized_evaluate_all_with_inputs
page_1_1026_url_0,1026,/zihrivaіuchyi-lubrykant-na-vodnii-osnovi-system-jo-h2o-warming-z-ekstraktom-perechnoi-miaty/652,585,True,/zihrivaiuchyi-lubrykant-na-vodnii-osnovi-system-jo-h2o-warming-z-ekstraktom-perechnoi-miaty-60-ml,/,КАТАЛОГ,"Зігріваючий лубрикант на водній основі System JO H2O WARMING з екстрактом перечної мʼяти, 60 мл",17,652,1,151,0,2025-08-20T22:24:23.101172,super_optimized_evaluate_all_with_inputs
page_1_1026_url_1,1026,/zihrivaіuchyi-lubrykant-na-vodnii-osnovi-system-jo-h2o-warming-z-ekstraktom-perechnoi-miaty/652/,1702,True,/zihrivaiuchyi-lubrykant-na-vodnii-osnovi-system-jo-h2o-warming-z-ekstraktom-perechnoi-miaty-60-ml,/,КАТАЛОГ,"Зігріваючий лубрикант на водній основі System JO H2O WARMING з екстрактом перечної мʼяти, 60 мл",17,652,1,151,1,2025-08-20T22:24:23.101174,super_optimized_evaluate_all_with_inputs
page_1_1026_url_2,1026,/zihrivaiuchyi-lubrykant-na-vodnii-osnovi-system-jo-h2o-warming-z-ekstraktom-perechnoi-miaty/652,1703,True,/zihrivaiuchyi-lubrykant-na-vodnii-osnovi-system-jo-h2o-warming-z-ekstraktom-perechnoi-miaty-60-ml,/,КАТАЛОГ,"Зігріваючий лубрикант на водній основі System JO H2O WARMING з екстрактом перечної мʼяти, 60 мл",17,652,1,151,2,2025-08-20T22:24:23.101175,super_optimized_evaluate_all_with_inputs
page_1_1026_url_3,1026,/zihrivaiuchyi-lubrykant-na-vodnii-osnovi-system-jo-h2o-warming-z-ekstraktom-perechnoi-miaty/652/,23571,True,/zihrivaiuchyi-lubrykant-na-vodnii-osnovi-system-jo-h2o-warming-z-ekstraktom-perechnoi-miaty-60-ml,/,КАТАЛОГ,"Зігріваючий лубрикант на водній основі System JO H2O WARMING з екстрактом перечної мʼяти, 60 мл",17,652,1,151,3,2025-08-20T22:24:23.101176,super_optimized_evaluate_all_with_inputs
page_1_1026_url_4,1026,/zihrivaiuchyi-lubrykant-na-vodnii-osnovi-system-jo-h2o-warming-z-ekstraktom-perechnoi-miaty-60-ml,24890,True,/zihrivaiuchyi-lubrykant-na-vodnii-osnovi-system-jo-h2o-warming-z-ekstraktom-perechnoi-miaty-60-ml,/,КАТАЛОГ,"Зігріваючий лубрикант на водній основі System JO H2O WARMING з екстрактом перечної мʼяти, 60 мл",17,652,1,151,4,2025-08-20T22:24:23.101178,super_optimized_evaluate_all_with_inputs
page_1_1027_url_0,1027,/zihrivaіuchyi-lubrykant-na-vodnii-osnovi-system-jo-h2o-warming-z-ekstraktom-perechnoi-miaty/653,586,True,/zihrivaiuchyi-lubrykant-na-vodnii-osnovi-system-jo-h2o-warming-z-ekstraktom-perechnoi-miaty-120ml,/,КАТАЛОГ,"Зігріваючий лубрикант на водній основі System JO H2O WARMING з екстрактом перечної мʼяти, 120 мл",17,653,1,152,0,2025-08-20T22:24:23.101179,super_optimized_evaluate_all_with_inputs
page_1_1027_url_1,1027,/zihrivaіuchyi-lubrykant-na-vodnii-osnovi-system-jo-h2o-warming-z-ekstraktom-perechnoi-miaty/653/,1704,True,/zihrivaiuchyi-lubrykant-na-vodnii-osnovi-system-jo-h2o-warming-z-ekstraktom-perechnoi-miaty-120ml,/,КАТАЛОГ,"Зігріваючий лубрикант на водній основі System JO H2O WARMING з екстрактом перечної мʼяти, 120 мл",17,653,1,152,1,2025-08-20T22:24:23.101181,super_optimized_evaluate_all_with_inputs
page_1_1027_url_2,1027,/zihrivaiuchyi-lubrykant-na-vodnii-osnovi-system-jo-h2o-warming-z-ekstraktom-perechnoi-miaty/653,1705,True,/zihrivaiuchyi-lubrykant-na-vodnii-osnovi-system-jo-h2o-warming-z-ekstraktom-perechnoi-miaty-120ml,/,КАТАЛОГ,"Зігріваючий лубрикант на водній основі System JO H2O WARMING з екстрактом перечної мʼяти, 120 мл",17,653,1,152,2,2025-08-20T22:24:23.101182,super_optimized_evaluate_all_with_inputs
page_1_1027_url_3,1027,/zihrivaiuchyi-lubrykant-na-vodnii-osnovi-system-jo-h2o-warming-z-ekstraktom-perechnoi-miaty/653/,23567,True,/zihrivaiuchyi-lubrykant-na-vodnii-osnovi-system-jo-h2o-warming-z-ekstraktom-perechnoi-miaty-120ml,/,КАТАЛОГ,"Зігріваючий лубрикант на водній основі System JO H2O WARMING з екстрактом перечної мʼяти, 120 мл",17,653,1,152,3,2025-08-20T22:24:23.101183,super_optimized_evaluate_all_with_inputs
page_1_1027_url_4,1027,/zihrivaiuchyi-lubrykant-na-vodnii-osnovi-system-jo-h2o-warming-z-ekstraktom-perechnoi-miaty-120ml,24891,True,/zihrivaiuchyi-lubrykant-na-vodnii-osnovi-system-jo-h2o-warming-z-ekstraktom-perechnoi-miaty-120ml,/,КАТАЛОГ,"Зігріваючий лубрикант на водній основі System JO H2O WARMING з екстрактом перечної мʼяти, 120 мл",17,653,1,152,4,2025-08-20T22:24:23.101184,super_optimized_evaluate_all_with_inputs
page_1_1028_url_0,1028,/zihrivaіuchyi-lubrykant-na-vodnii-osnovi-system-jo-h2o-warming-z-ekstraktom-perechnoi-miaty/654,587,True,/zihrivaiuchyi-lubrykant-na-vodnii-osnovi-system-jo-h2o-warming-z-ekstraktom-perechnoi-miaty-240ml,/,КАТАЛОГ,"Зігріваючий лубрикант на водній основі System JO H2O WARMING з екстрактом перечної мʼяти, 240 мл",17,654,1,153,0,2025-08-20T22:24:23.101186,super_optimized_evaluate_all_with_inputs
page_1_1028_url_1,1028,/zihrivaіuchyi-lubrykant-na-vodnii-osnovi-system-jo-h2o-warming-z-ekstraktom-perechnoi-miaty/654/,1706,True,/zihrivaiuchyi-lubrykant-na-vodnii-osnovi-system-jo-h2o-warming-z-ekstraktom-perechnoi-miaty-240ml,/,КАТАЛОГ,"Зігріваючий лубрикант на водній основі System JO H2O WARMING з екстрактом перечної мʼяти, 240 мл",17,654,1,153,1,2025-08-20T22:24:23.101187,super_optimized_evaluate_all_with_inputs
page_1_1028_url_2,1028,/zihrivaiuchyi-lubrykant-na-vodnii-osnovi-system-jo-h2o-warming-z-ekstraktom-perechnoi-miaty/654,1707,True,/zihrivaiuchyi-lubrykant-na-vodnii-osnovi-system-jo-h2o-warming-z-ekstraktom-perechnoi-miaty-240ml,/,КАТАЛОГ,"Зігріваючий лубрикант на водній основі System JO H2O WARMING з екстрактом перечної мʼяти, 240 мл",17,654,1,153,2,2025-08-20T22:24:23.101189,super_optimized_evaluate_all_with_inputs
page_1_1028_url_3,1028,/zihrivaiuchyi-lubrykant-na-vodnii-osnovi-system-jo-h2o-warming-z-ekstraktom-perechnoi-miaty/654/,23569,True,/zihrivaiuchyi-lubrykant-na-vodnii-osnovi-system-jo-h2o-warming-z-ekstraktom-perechnoi-miaty-240ml,/,КАТАЛОГ,"Зігріваючий лубрикант на водній основі System JO H2O WARMING з екстрактом перечної мʼяти, 240 мл",17,654,1,153,3,2025-08-20T22:24:23.101190,super_optimized_evaluate_all_with_inputs
page_1_1028_url_4,1028,/zihrivaiuchyi-lubrykant-na-vodnii-osnovi-system-jo-h2o-warming-z-ekstraktom-perechnoi-miaty-240ml,24892,True,/zihrivaiuchyi-lubrykant-na-vodnii-osnovi-system-jo-h2o-warming-z-ekstraktom-perechnoi-miaty-240ml,/,КАТАЛОГ,"Зігріваючий лубрикант на водній основі System JO H2O WARMING з екстрактом перечної мʼяти, 240 мл",17,654,1,153,4,2025-08-20T22:24:23.101191,super_optimized_evaluate_all_with_inputs
page_1_1029_url_0,1029,/okholodzhuіuchyi-lubrykant-na-vodnii-osnovi-system-jo-h2o-cooling/,1898,True,/okholodzhuiuchyi-lubrykant-na-vodnii-osnovi-system-jo-h2o-cooling,/,КАТАЛОГ,"Охолоджуючий лубрикант на водній основі System JO H2O COOLING, 30 мл",17,655,1,154,0,2025-08-20T22:24:23.101193,super_optimized_evaluate_all_with_inputs
page_1_1029_url_1,1029,/lubrykant-okhlazhdaiushchyi-boo-silicone-lubricant-cooling-50ml/,20266,True,/okholodzhuiuchyi-lubrykant-na-vodnii-osnovi-system-jo-h2o-cooling,/,КАТАЛОГ,"Охолоджуючий лубрикант на водній основі System JO H2O COOLING, 30 мл",17,655,1,154,1,2025-08-20T22:24:23.101194,super_optimized_evaluate_all_with_inputs
page_1_1029_url_2,1029,/okholodzhuіuchyi-lubrykant-na-vodnii-osnovi-system-jo-h2o-cooling,24738,True,/okholodzhuiuchyi-lubrykant-na-vodnii-osnovi-system-jo-h2o-cooling,/,КАТАЛОГ,"Охолоджуючий лубрикант на водній основі System JO H2O COOLING, 30 мл",17,655,1,154,2,2025-08-20T22:24:23.101195,super_optimized_evaluate_all_with_inputs
page_1_1029_url_3,1029,/okholodzhuiuchyi-lubrykant-na-vodnii-osnovi-system-jo-h2o-cooling,24893,True,/okholodzhuiuchyi-lubrykant-na-vodnii-osnovi-system-jo-h2o-cooling,/,КАТАЛОГ,"Охолоджуючий лубрикант на водній основі System JO H2O COOLING, 30 мл",17,655,1,154,3,2025-08-20T22:24:23.101197,super_optimized_evaluate_all_with_inputs
page_1_1030_url_0,1030,/okholodzhuіuchyi-lubrykant-na-vodnii-osnovi-system-jo-h2o-cooling/656,589,True,/okholodzhuiuchyi-lubrykant-na-vodnii-osnovi-system-jo-h2o-cooling-60-ml,/,КАТАЛОГ,"Охолоджуючий лубрикант на водній основі System JO H2O COOLING, 60 мл",17,656,1,155,0,2025-08-20T22:24:23.101198,super_optimized_evaluate_all_with_inputs
page_1_1030_url_1,1030,/okholodzhuіuchyi-lubrykant-na-vodnii-osnovi-system-jo-h2o-cooling/656/,1708,True,/okholodzhuiuchyi-lubrykant-na-vodnii-osnovi-system-jo-h2o-cooling-60-ml,/,КАТАЛОГ,"Охолоджуючий лубрикант на водній основі System JO H2O COOLING, 60 мл",17,656,1,155,1,2025-08-20T22:24:23.101200,super_optimized_evaluate_all_with_inputs
page_1_1030_url_2,1030,/okholodzhuiuchyi-lubrykant-na-vodnii-osnovi-system-jo-h2o-cooling/656,1709,True,/okholodzhuiuchyi-lubrykant-na-vodnii-osnovi-system-jo-h2o-cooling-60-ml,/,КАТАЛОГ,"Охолоджуючий лубрикант на водній основі System JO H2O COOLING, 60 мл",17,656,1,155,2,2025-08-20T22:24:23.101201,super_optimized_evaluate_all_with_inputs
page_1_1030_url_3,1030,/okholodzhuiuchyi-lubrykant-na-vodnii-osnovi-system-jo-h2o-cooling/656/,23033,True,/okholodzhuiuchyi-lubrykant-na-vodnii-osnovi-system-jo-h2o-cooling-60-ml,/,КАТАЛОГ,"Охолоджуючий лубрикант на водній основі System JO H2O COOLING, 60 мл",17,656,1,155,3,2025-08-20T22:24:23.101202,super_optimized_evaluate_all_with_inputs
page_1_1030_url_4,1030,/okholodzhuiuchyi-lubrykant-na-vodnii-osnovi-system-jo-h2o-cooling-60-ml,24894,True,/okholodzhuiuchyi-lubrykant-na-vodnii-osnovi-system-jo-h2o-cooling-60-ml,/,КАТАЛОГ,"Охолоджуючий лубрикант на водній основі System JO H2O COOLING, 60 мл",17,656,1,155,4,2025-08-20T22:24:23.101204,super_optimized_evaluate_all_with_inputs
page_1_1031_url_0,1031,/okholodzhuіuchyi-lubrykant-na-vodnii-osnovi-system-jo-h2o-cooling/657,590,True,/okholodzhuiuchyi-lubrykant-na-vodnii-osnovi-system-jo-h2o-cooling-120ml,/,КАТАЛОГ,"Охолоджуючий лубрикант на водній основі System JO H2O COOLING, 120 мл",17,657,1,156,0,2025-08-20T22:24:23.101205,super_optimized_evaluate_all_with_inputs
page_1_1031_url_1,1031,/okholodzhuіuchyi-lubrykant-na-vodnii-osnovi-system-jo-h2o-cooling/657/,1830,True,/okholodzhuiuchyi-lubrykant-na-vodnii-osnovi-system-jo-h2o-cooling-120ml,/,КАТАЛОГ,"Охолоджуючий лубрикант на водній основі System JO H2O COOLING, 120 мл",17,657,1,156,1,2025-08-20T22:24:23.101207,super_optimized_evaluate_all_with_inputs
page_1_1031_url_2,1031,/okholodzhuiuchyi-lubrykant-na-vodnii-osnovi-system-jo-h2o-cooling/657,1831,True,/okholodzhuiuchyi-lubrykant-na-vodnii-osnovi-system-jo-h2o-cooling-120ml,/,КАТАЛОГ,"Охолоджуючий лубрикант на водній основі System JO H2O COOLING, 120 мл",17,657,1,156,2,2025-08-20T22:24:23.101208,super_optimized_evaluate_all_with_inputs
page_1_1031_url_3,1031,/okholodzhuiuchyi-lubrykant-na-vodnii-osnovi-system-jo-h2o-cooling/657/,23031,True,/okholodzhuiuchyi-lubrykant-na-vodnii-osnovi-system-jo-h2o-cooling-120ml,/,КАТАЛОГ,"Охолоджуючий лубрикант на водній основі System JO H2O COOLING, 120 мл",17,657,1,156,3,2025-08-20T22:24:23.101209,super_optimized_evaluate_all_with_inputs
page_1_1031_url_4,1031,/okholodzhuiuchyi-lubrykant-na-vodnii-osnovi-system-jo-h2o-cooling-120ml,24895,True,/okholodzhuiuchyi-lubrykant-na-vodnii-osnovi-system-jo-h2o-cooling-120ml,/,КАТАЛОГ,"Охолоджуючий лубрикант на водній основі System JO H2O COOLING, 120 мл",17,657,1,156,4,2025-08-20T22:24:23.101210,super_optimized_evaluate_all_with_inputs
page_1_1032_url_0,1032,/lubrykant-na-vodnii-osnovi-system-jo-h2o-original,24896,True,/lubrykant-na-vodnii-osnovi-system-jo-h2o-original,/,КАТАЛОГ,"Лубрикант на водній основі System JO H2O ORIGINAL, 30 мл",17,658,1,157,0,2025-08-20T22:24:23.101212,super_optimized_evaluate_all_with_inputs
page_1_1033_url_0,1033,/lubrykant-na-vodnii-osnovi-system-jo-h2o-original/659,592,True,/lubrykant-na-vodnii-osnovi-system-jo-h2o-original-60-ml,/,КАТАЛОГ,"Лубрикант на водній основі System JO H2O ORIGINAL, 60 мл",17,659,1,158,0,2025-08-20T22:24:23.101214,super_optimized_evaluate_all_with_inputs
page_1_1033_url_1,1033,/lubrykant-na-vodnii-osnovi-system-jo-h2o-original/659/,22692,True,/lubrykant-na-vodnii-osnovi-system-jo-h2o-original-60-ml,/,КАТАЛОГ,"Лубрикант на водній основі System JO H2O ORIGINAL, 60 мл",17,659,1,158,1,2025-08-20T22:24:23.101215,super_optimized_evaluate_all_with_inputs
page_1_1033_url_2,1033,/lubrykant-na-vodnii-osnovi-system-jo-h2o-original-60-ml,24897,True,/lubrykant-na-vodnii-osnovi-system-jo-h2o-original-60-ml,/,КАТАЛОГ,"Лубрикант на водній основі System JO H2O ORIGINAL, 60 мл",17,659,1,158,2,2025-08-20T22:24:23.101216,super_optimized_evaluate_all_with_inputs
page_1_1034_url_0,1034,/lubrykant-na-vodnii-osnovi-system-jo-h2o-original/660,593,True,/lubrykant-na-vodnii-osnovi-system-jo-h2o-original-120ml,/,КАТАЛОГ,"Лубрикант на водній основі System JO H2O ORIGINAL, 120 мл",17,660,1,159,0,2025-08-20T22:24:23.101218,super_optimized_evaluate_all_with_inputs
page_1_1034_url_1,1034,/lubrykant-na-vodnii-osnovi-system-jo-h2o-original/660/,22686,True,/lubrykant-na-vodnii-osnovi-system-jo-h2o-original-120ml,/,КАТАЛОГ,"Лубрикант на водній основі System JO H2O ORIGINAL, 120 мл",17,660,1,159,1,2025-08-20T22:24:23.101219,super_optimized_evaluate_all_with_inputs
page_1_1034_url_2,1034,/lubrykant-na-vodnii-osnovi-system-jo-h2o-original-120ml,24898,True,/lubrykant-na-vodnii-osnovi-system-jo-h2o-original-120ml,/,КАТАЛОГ,"Лубрикант на водній основі System JO H2O ORIGINAL, 120 мл",17,660,1,159,2,2025-08-20T22:24:23.101221,super_optimized_evaluate_all_with_inputs
